pastml_root	consensus_root	position	mut	max_anc	ref_EEM	nbseq	evol_rate	genetic_distance	substitution_rate	findability	type_substitution	details	loss	loss_details	max_simu	variance	mean	pvalue_raw	adjust_pvalue	adjust_pvalue_fdr	detected_EEM	posmut	log-dep	log-indep	BF	correlation								correlation
I	L	100	I	L	29	223	4.02769	1	0.442227453	0.354354301	convergent	"L:27; V:2"	48	"A:1; L:30; V:17"	73	182.9912608	24.5118	0.3381	1	0.461983969	NOT PASS	100I	-1161.050371	-1153.44668	-15.207382	positive								positive
I	L	100	L	I	36	1412	4.02769	1	0.265834899	0.575388005	convergent	"I:30; M:3; V:3"	54	"I:27; M:11; P:1; V:15"	71	157.4341696	25.5862	0.2326	1	0.360160345	NOT PASS	100L	-1695.993827	-1699.527793	7.067932	positive								positive
I	L	100	M	L	11	20	4.02769	1	0.673450634	0.171694234	parallel	L:11	3	L:3	27	18.12936839	8.8131	0.3263	1	0.44929	NOT PASS	100M	-919.305211	-915.952132	-6.706158	positive								positive
I	L	100	V	I	32	58	4.02769	1	0.682957425	0.165606369	convergent	"I:17; L:15"	5	"I:2; L:3"	85	284.6223702	30.3824	0.3993	1	0.523624176	NOT PASS	100V	-1047.953535	-1043.166709	-9.573652	positive								positive
G	G	102	A	G	9	18	0.72039	1	0.134363213	0.87171962	parallel	G:9	0		14	3.97519356	3.6738	0.0167	1	0.047449206	NOT PASS	102A	-902.635712	-896.413905	-12.443614	positive								positive
F	F	103	Y	F	11	48	0.73118	1	0.373725726	0.427447006	parallel	F:11	1	F:1	17	11.92671831	3.6987	0.0276	1	0.068390345	NOT PASS	103Y	-952.71209	-948.352953	-8.718274	positive								positive
F	F	104	C	F	6	12	0.85852	1	0.052930026	1.276297896	parallel	F:6	3	"F:1; S:2"	5	0.45837936	0.4508	0	0	0	PASS	104C	-889.594256	-882.006792	-15.174928	positive								positive
F	F	104	F	C	3	1683	0.85852	1	0.016660444	1.778313418	convergent	"C:1; M:1; S:1"	17	"C:6; L:1; M:3; S:7"	18	4.339911	0.983	0.1104	1	0.200625381	NOT PASS	104F	-1580.253138	-1600.436096	40.365916	positive								positive
F	F	104	S	F	9	14	0.85852	1	0.017327366	1.761267444	convergent	"C:2; F:7"	1	F:1	13	1.01790976	0.7032	0.0013	0.3783	0.006744928	NOT PASS	104S	-913.430145	-906.414638	-14.031014	negative								negative
L	L	107	F	L	6	53	1.54379	1	0.276608214	0.558134928	parallel	L:6	2	"H:1; L:1"	21	6.79924719	4.8591	0.3815	1	0.505840741	NOT PASS	107F	-883.661674	-884.854925	2.386502	positive								positive
L	L	107	H	L	11	47	1.54379	1	0.039081499	1.408028782	convergent	"F:1; L:10"	3	"L:1; Q:1; S:1"	10	0.69668975	0.4895	0	0	0	PASS	107H	-958.835426	-957.410272	-2.850308	negative								negative
S	S	10	N	S	15	45	1.7795	1	0.253386064	0.596217275	parallel	S:15	2	S:2	20	11.54712431	5.4913	0.0056	1	0.020822449	NOT PASS	10N	-930.438106	-925.660052	-9.556108	positive								positive
E	E	110	E	Q	3	1597	0.65273	1	0.148888295	0.827139443	reversion	Q:3	9	"D:1; I:2; M:2; Q:3; V:1"	13	1.74553431	0.5163	0.0618	1	0.130143529	NOT PASS	110E	-1616.417472	-1616.630389	0.425834	positive								positive
E	E	110	I	E	3	48	0.65273	2	0.002727632	2.564214184	convergent	"E:2; M:1"	0		22	0.44903975	0.1395	0.007	1	0.024330097	NOT PASS	110I	-863.983911	-864.774424	1.581026	positive								positive
E	E	110	M	E	3	25	0.65273	2	0.010705641	1.970387334	convergent	"E:2; V:1"	1	I:1	7	0.16566684	0.1354	0.003	0.825	0.012635294	NOT PASS	110M	-873.817934	-863.414426	-20.807016	negative								negative
E	E	110	Q	E	3	41	0.65273	1	0.254405918	0.594472791	parallel	E:3	3	E:3	13	2.95443775	2.7465	0.5211	1	0.608135065	NOT PASS	110Q	-927.978766	-931.115393	6.273254	negative								negative
I	I	111	M	I	8	335	0.40612	1	0.274078534	0.562124978	convergent	"I:7; V:1"	2	"I:1; V:1"	8	1.25530359	1.2379	0.0002	0.0608	0.001213559	PASS	111M	-1073.316927	-1097.38192	48.129986	positive								positive
G	A	112	A	G	12	906	4.02008	1	0.134363213	0.87171962	convergent	"G:10; S:2"	74	"G:39; P:1; S:34"	51	40.77613951	16.4743	0.7759	1	0.834150751	NOT PASS	112A	-1448.055023	-1459.771607	23.433168	negative								negative
G	A	112	G	A	40	640	4.02008	1	0.165917094	0.780108866	convergent	"A:39; S:1"	18	"A:10; S:8"	23	13.70211239	3.6819	0	0	0	PASS	112G	-1285.538992	-1302.167733	33.257482	positive								positive
G	A	112	S	A	42	170	4.02008	1	0.379624936	0.420645269	convergent	"A:34; G:8"	3	"A:2; G:1"	45	33.609236	14.442	0.0003	0.0897	0.00179	PASS	112S	-1098.913216	-1107.146928	16.467424	negative								negative
L	L	113	M	L	3	18	0.23151	1	0.673450634	0.171694234	parallel	L:3	2	"L:1; V:1"	7	1.05855696	1.0452	0.0867	1	0.169609836	NOT PASS	113M	-871.719598	-867.711244	-8.016708	positive								positive
S	S	115	C	S	8	82	0.28397	1	0.176019188	0.754439987	parallel	S:8	0		4	0.36516775	0.3635	0	0	0	PASS	115C	-883.890332	-889.816168	11.851672	positive								positive
V	V	117	A	V	3	15	0.0941	1	0.180636135	0.743195368	parallel	V:3	0		6	0.59994976	0.6032	0.0234	1	0.060267626	NOT PASS	117A	-873.649103	-864.335127	-18.627952	negative								negative
V	V	118	A	T	6	32	0.3883	1	0.113521433	0.944922135	convergent	"T:4; V:2"	0		10	2.45446775	2.2635	0.0315	1	0.074682119	NOT PASS	118A	-885.204288	-882.259129	-5.890318	positive								positive
A	A	120	S	A	4	58	0.20549	1	0.379624936	0.420645269	parallel	A:4	2	A:2	9	1.92867356	1.8762	0.1267	1	0.223441379	NOT PASS	120S	-895.285891	-890.804199	-8.963384	positive								positive
I	I	121	F	I	7	139	2.63569	1	0.071362337	1.146530934	parallel	I:7	1	V:1	34	10.15455004	4.8386	0.238	1	0.364119658	NOT PASS	121F	-1022.857167	-1022.784185	-0.145964	positive								positive
I	I	121	I	V	14	1245	2.63569	1	0.754988884	0.122059443	reversion	V:14	82	"F:7; M:2; V:73"	58	121.1860498	16.4495	0.5037	1	0.600155482	NOT PASS	121I	-1631.854863	-1624.780742	-14.148242	negative								negative
I	I	121	V	I	74	325	2.63569	1	0.682957425	0.165606369	convergent	"F:1; I:73"	14	I:14	66	215.6387174	26.0984	0	0	0	PASS	121V	-1243.40066	-1245.024078	3.246836	negative								negative
Y	W	124	Y	W	9	50	0.89477	2	0.047412078	1.324111009	reversion	W:9	2	W:2	17	3.77698351	0.9343	0.0153	1	0.044172581	NOT PASS	124Y	-914.028942	-917.886412	7.71494	positive								positive
V	V	125	I	V	23	143	4.01488	1	0.754988884	0.122059443	convergent	"L:2; M:5; V:16"	8	"L:3; V:5"	85	224.5155088	27.0489	0.602	1	0.67772327	NOT PASS	125I	-1005.577303	-1006.09413	1.033654	negative								negative
V	V	125	L	V	31	521	4.01488	1	0.120719376	0.91822302	convergent	"I:3; M:12; V:16"	6	"I:2; M:2; V:2"	66	143.5818863	19.6213	0.1985	1	0.321552036	NOT PASS	125L	-1030.572464	-1057.359825	53.574722	positive								positive
V	V	125	M	V	31	432	4.01488	1	0.134613258	0.870912166	convergent	"L:2; V:29"	37	"I:5; L:12; T:1; V:19"	28	21.75887519	8.5559	0	0	0	PASS	125M	-1346.638631	-1339.80634	-13.664582	positive								positive
V	V	125	V	M	26	615	4.01488	1	0.044671614	1.349968359	convergent	"I:5; L:2; M:19"	61	"I:16; L:16; M:29"	74	192.2113142	21.6024	0.2698	1	0.392635772	NOT PASS	125V	-1439.941153	-1446.446972	13.011638	negative								negative
M	I	131	F	I	3	14	0.80466	1	0.071362337	1.146530934	convergent	"I:2; M:1"	1	I:1	11	2.38664191	2.0697	0.3416	1	0.464991635	NOT PASS	131F	-897.805929	-893.207327	-9.197204	negative								negative
M	I	131	I	M	13	1414	0.80466	1	0.100546222	0.997634245	convergent	"F:1; M:9; V:3"	10	"F:2; M:3; T:1; V:4"	24	9.7059	6.17	0.0266	1	0.067061972	NOT PASS	131I	-1415.656571	-1433.865907	36.418672	negative								negative
M	I	131	M	I	6	141	0.80466	1	0.274078534	0.562124978	convergent	"I:3; V:3"	15	"F:1; I:9; L:1; V:4"	11	1.53898684	0.7354	0.0097	1	0.032454206	NOT PASS	131M	-1002.514785	-1004.684577	4.339584	positive								positive
M	I	131	V	I	8	156	0.80466	1	0.682957425	0.165606369	convergent	"I:4; M:4"	6	"I:3; M:3"	27	10.34478876	4.0318	0.0805	1	0.159616575	NOT PASS	131V	-1041.93765	-1041.847206	-0.180888	positive								positive
S	S	132	A	S	19	51	0.80407	1	0.298826113	0.524581455	convergent	"S:17; T:2"	1	E:1	21	12.40096124	7.3374	0.0011	0.3245	0.006058462	NOT PASS	132A	-965.808017	-967.050329	2.484624	negative								negative
S	S	132	T	S	7	60	0.80407	1	0.409141424	0.388126548	parallel	S:7	4	"A:2; S:2"	18	11.32327775	6.5335	0.5094	1	0.601865347	NOT PASS	132T	-906.856963	-901.184098	-11.34573	positive								positive
N	N	133	S	N	8	71	0.36012	1	0.165642389	0.780828516	parallel	N:8	0		12	2.87273024	2.6824	0.0078	1	0.02685	NOT PASS	133S	-892.134159	-892.340572	0.412826	negative								negative
G	G	137	S	G	12	21	2.66745	1	0.113158819	0.946311593	convergent	"G:10; T:2"	4	"G:1; T:3"	38	19.30332636	9.8442	0.2866	1	0.405544664	NOT PASS	137S	-925.287958	-920.55998	-9.455956	positive								positive
G	G	137	T	G	21	70	2.66745	2	0.008443778	2.073463218	convergent	"G:17; Q:1; S:3"	2	S:2	34	16.95429375	3.6375	0.0088	1	0.03000381	NOT PASS	137T	-1003.307453	-998.604539	-9.405828	negative								negative
N	N	139	D	N	11	183	0.80669	1	0.209768051	0.678260657	parallel	N:11	4	"E:1; N:3"	16	7.61431879	5.0989	0.0292	1	0.070158389	NOT PASS	139D	-988.196089	-986.464937	-3.462304	negative								negative
N	N	139	N	D	3	1583	0.80669	1	0.25549607	0.592615777	reversion	D:3	23	"D:11; E:2; I:1; K:1; Q:4; S:1; T:3"	11	1.88180956	0.7362	0.0916	1	0.175362567	NOT PASS	139N	-1370.29203	-1405.562315	70.54057	positive								positive
N	N	139	T	N	3	16	0.80669	1	0.082676559	1.082617605	parallel	N:3	0		15	3.62425936	2.6508	0.473	1	0.586132414	NOT PASS	139T	-872.621153	-866.119138	-13.00403	positive								positive
E	E	13	D	E	22	74	4.0913	1	0.323129988	0.490622736	parallel	E:22	8	E:8	46	87.19660775	14.5565	0.283	1	0.402039683	NOT PASS	13D	-1067.500189	-1069.634268	4.268158	positive								positive
E	E	13	E	D	8	290	4.0913	1	0.263937913	0.578498221	reversion	D:8	25	"D:22; L:1; N:1; Y:1"	49	66.90688924	9.5226	0.4384	1	0.556034507	NOT PASS	13E	-1284.949044	-1307.043781	44.189474	positive								positive
I	I	142	I	V	4	1911	0.80432	1	0.754988884	0.122059443	convergent	"L:1; V:3"	30	"F:1; L:15; M:3; T:1; V:10"	30	17.81791975	3.0445	0.2582	1	0.385148333	NOT PASS	142I	-1199.105324	-1203.827217	9.443786	positive								positive
I	I	142	L	I	15	38	0.80432	1	0.265834899	0.575388005	parallel	I:15	1	I:1	26	15.46601631	9.0713	0.0807	1	0.159616575	NOT PASS	142L	-931.584289	-930.729275	-1.710028	negative								negative
I	I	142	V	I	10	20	0.80432	1	0.682957425	0.165606369	parallel	I:10	3	I:3	33	39.56415824	13.9276	0.7619	1	0.824048943	NOT PASS	142V	-905.863514	-900.913794	-9.89944	positive								positive
M	M	143	I	M	4	50	0.20389	1	0.100546222	0.997634245	parallel	M:4	1	M:1	10	1.79959024	1.7324	0.103	1	0.191179381	NOT PASS	143I	-886.409695	-882.160538	-8.498314	positive								positive
V	L	145	L	V	15	1130	0.80758	1	0.120719376	0.91822302	parallel	V:15	13	"V:12; W:1"	23	8.88498671	5.1073	0.0096	1	0.032422642	NOT PASS	145L	-1143.95842	-1161.901854	35.886868	negative								negative
V	L	145	V	L	12	849	0.80758	1	0.181661861	0.740736242	reversion	L:12	15	L:15	32	21.05787639	2.9019	0.0782	1	0.157278652	NOT PASS	145V	-987.505788	-1005.531121	36.050666	positive								positive
A	A	146	A	G	28	1236	4.02769	1	0.134363213	0.87171962	convergent	"G:13; S:3; T:1; V:11"	109	"C:1; G:40; P:2; S:26; T:7; V:33"	49	52.46786396	11.6598	0.0387	1	0.089964935	NOT PASS	146A	-1424.607543	-1420.779248	-7.65659	negative								negative
A	A	146	G	A	42	189	4.02769	1	0.165917094	0.780108866	convergent	"A:40; S:2"	16	"A:13; S:1; T:2"	27	23.41344775	7.7235	0	0	0	PASS	146G	-1109.99301	-1133.393175	46.80033	negative								negative
A	A	146	I	V	5	18	4.02769	1	0.754988884	0.122059443	parallel	V:5	3	V:3	70	143.182744	9.616	0.5448	1	0.625123077	NOT PASS	146I	-888.918701	-883.993492	-9.850418	positive								positive
A	A	146	S	A	28	118	4.02769	1	0.379624936	0.420645269	convergent	"A:26; G:1; T:1"	7	"A:3; G:2; T:2"	51	85.179375	17.715	0.166	1	0.281649289	NOT PASS	146S	-996.922687	-1011.909928	29.974482	negative								negative
A	A	146	T	A	13	21	4.02769	1	0.171816513	0.764935098	convergent	"A:7; G:2; S:2; V:2"	2	"A:1; S:1"	42	37.60890751	11.4057	0.3763	1	0.502669403	NOT PASS	146T	-925.317388	-920.841097	-8.952582	negative								negative
A	A	146	V	A	36	378	4.02769	1	0.204611328	0.689070327	convergent	"A:33; I:3"	20	"A:11; C:1; F:1; I:5; T:2"	70	80.422959	12.971	0.0269	1	0.067344056	NOT PASS	146V	-1073.970437	-1087.582919	27.224964	positive								positive
F	F	147	C	F	17	38	4.02762	1	0.052930026	1.276297896	convergent	"A:1; F:15; S:1"	6	"F:1; L:1; S:1; T:1; V:1; W:1"	10	2.02212224	1.8576	0	0	0	PASS	147C	-954.303734	-949.701453	-9.204562	negative								negative
F	F	147	F	L	8	1643	4.02762	1	0.276608214	0.558134928	convergent	"C:1; L:6; V:1"	72	"A:2; C:15; L:33; M:4; S:4; T:1; V:8; W:4; Y:1"	50	76.15328471	9.8523	0.4732	1	0.586132414	NOT PASS	147F	-1254.340338	-1264.767232	20.853788	positive								positive
F	F	147	L	F	34	195	4.02762	1	0.124162976	0.906007885	convergent	"C:1; F:33"	13	"F:6; M:5; T:2"	65	104.996516	21.122	0.1031	1	0.191179381	NOT PASS	147L	-1058.418861	-1060.524706	4.21169	negative								negative
F	F	147	M	L	9	16	4.02762	1	0.673450634	0.171694234	convergent	"F:4; L:5"	0		25	15.75982064	6.2044	0.2334	1	0.360160345	NOT PASS	147M	-906.766691	-910.048479	6.563576	negative								negative
F	F	147	T	A	9	13	4.02762	1	0.171816513	0.764935098	convergent	"A:3; C:1; F:1; L:2; S:2"	2	"A:1; S:1"	36	14.07586591	3.9847	0.0996	1	0.187667368	NOT PASS	147T	-898.665816	-898.181506	-0.96862	negative								negative
F	F	147	V	F	9	47	4.02762	1	0.031352505	1.503727749	convergent	"C:1; F:8"	3	"A:1; F:1; I:1"	77	101.0276178	11.7668	0.5318	1	0.614143226	NOT PASS	147V	-910.85428	-902.633428	-16.441704	positive								positive
T	T	148	A	S	5	41	0.81219	1	0.298826113	0.524581455	convergent	"S:3; T:2"	4	"S:2; T:2"	21	5.84610719	4.3159	0.4248	1	0.549019495	NOT PASS	148A	-878.353812	-880.245028	3.782432	negative								negative
T	T	148	C	T	3	15	0.81219	2	0.060672787	1.217006055	parallel	T:3	2	S:2	6	0.52699271	0.4973	0.0182	1	0.050508527	NOT PASS	148C	-875.855531	-871.796571	-8.11792	negative								negative
T	T	148	S	T	25	69	0.81219	1	0.343417642	0.464177398	convergent	"A:2; C:2; T:21"	7	"A:3; T:4"	23	14.60088896	8.2152	0	0	0	PASS	148S	-998.985584	-991.139379	-15.69241	negative								negative
T	T	148	T	S	6	1855	0.81219	1	0.409141424	0.388126548	convergent	"A:2; S:4"	26	"A:2; C:3; S:21"	16	3.70044079	1.0161	0.0436	1	0.098168553	NOT PASS	148T	-1211.724589	-1206.437184	-10.57481	positive								positive
I	V	150	F	V	54	212	9.53584	1	0.046415008	1.333341569	convergent	"A:1; C:1; I:13; L:17; T:1; V:21"	26	"A:1; C:1; I:4; L:12; M:1; T:3; V:4"	76	77.66447516	15.0522	0.004	1	0.015736264	NOT PASS	150F	-1180.36597	-1177.299832	-6.132276	negative								negative
I	V	150	I	V	77	515	9.53584	1	0.754988884	0.122059443	convergent	"F:4; L:29; M:1; T:1; V:42"	87	"A:1; F:13; L:22; M:4; T:3; V:44"	106	396.6566556	39.6206	0.0304	1	0.072554667	NOT PASS	150I	-1353.335969	-1348.799462	-9.073014	positive								positive
I	V	150	L	V	60	312	9.53584	1	0.120719376	0.91822302	convergent	"F:12; I:22; T:1; V:25"	72	"C:1; F:17; I:29; M:3; T:7; V:15"	96	309.9700056	37.8271	0.1246	1	0.220825743	NOT PASS	150L	-1280.414706	-1284.668568	8.507724	negative								negative
I	V	150	M	V	13	15	9.53584	1	0.134613258	0.870912166	convergent	"F:1; I:4; L:3; V:5"	4	"I:1; T:1; V:2"	45	48.17791516	14.4522	0.5864	1	0.664339241	NOT PASS	150M	-920.654421	-916.470327	-8.368188	negative								negative
I	V	150	T	L	21	76	9.53584	2	0.03231953	1.490534969	convergent	"A:1; C:1; F:3; I:3; L:7; M:1; V:5"	6	"A:1; F:1; I:1; L:1; V:2"	51	43.51742231	16.2613	0.2308	1	0.359245217	NOT PASS	150T	-970.867352	-971.644045	1.553386	negative								negative
I	V	150	V	I	68	856	9.53584	1	0.682957425	0.165606369	convergent	"A:1; F:4; I:44; L:15; M:2; T:2"	106	"A:6; C:2; F:21; I:42; L:25; M:5; T:5"	107	363.2730352	39.9022	0.0942	1	0.179380851	NOT PASS	150V	-1388.237457	-1396.612518	16.750122	positive								positive
M	M	151	A	M	10	137	0.51371	2	0.026445453	1.577648993	convergent	"G:2; M:8"	8	"G:7; M:1"	9	1.47902975	1.3705	0	0	0	PASS	151A	-933.545979	-923.562315	-19.967328	positive								positive
M	M	151	G	A	12	71	0.51371	1	0.165917094	0.780108866	convergent	"A:7; M:5"	2	A:2	6	0.21638464	0.1744	0	0	0	PASS	151G	-929.927997	-921.548713	-16.758568	positive								positive
A	A	152	G	A	3	13	0.10739	1	0.165917094	0.780108866	parallel	A:3	0		4	0.44693959	0.4429	0.0105	1	0.034805556	NOT PASS	152G	-870.312057	-862.354103	-15.915908	positive								positive
N	S	153	A	S	68	159	9.53584	1	0.298826113	0.524581455	convergent	"C:17; M:1; S:49; V:1"	22	"C:5; G:1; L:2; M:2; N:1; S:11"	70	95.24828559	24.4479	0.0001	0.031	0.000662963	PASS	153A	-1180.780549	-1179.950803	-1.659492	negative								negative
N	S	153	C	S	58	625	9.53584	1	0.176019188	0.754439987	convergent	"A:5; L:2; S:51"	119	"A:17; F:1; G:1; L:26; M:2; N:2; S:68; T:1; V:1"	14	5.57156784	3.5404	0	0	0	PASS	153C	-1380.106034	-1408.726017	57.239966	positive								positive
N	S	153	L	C	54	311	9.53584	2	0.008954003	2.047982771	convergent	"A:2; C:26; M:7; N:2; S:17"	9	"C:2; I:2; M:5"	81	153.289416	15.372	0.0199	1	0.053971212	NOT PASS	153L	-1116.030867	-1109.479902	-13.10193	positive								positive
N	S	153	M	L	10	18	9.53584	1	0.673450634	0.171694234	convergent	"A:2; C:2; L:5; S:1"	8	"A:1; L:7"	34	22.85481756	6.1838	0.1798	1	0.300786916	NOT PASS	153M	-905.606087	-904.669356	-1.873462	positive								positive
N	S	153	N	S	16	89	9.53584	1	0.253386064	0.596217275	convergent	"A:1; C:2; S:13"	5	"L:2; S:3"	49	54.95864759	15.8171	0.4818	1	0.588928328	NOT PASS	153N	-961.564799	-953.55136	-16.026878	negative								negative
N	S	153	S	C	83	781	9.53584	1	0.041972946	1.377030543	convergent	"A:11; C:68; N:3; T:1"	136	"A:49; C:51; G:4; L:17; M:1; N:13; T:1"	75	115.1235878	27.1096	0	0	0	PASS	153S	-1509.19391	-1545.047782	71.707744	negative								negative
A	A	154	A	S	10	1279	2.63402	1	0.298826113	0.524581455	convergent	"S:9; T:1"	52	"G:2; S:42; T:8"	38	34.61889599	7.0201	0.263	1	0.386757377	NOT PASS	154A	-1099.338253	-1138.805374	78.934242	negative								negative
A	A	154	S	A	48	654	2.63402	1	0.379624936	0.420645269	convergent	"A:42; T:6"	28	"A:9; T:19"	38	52.49467196	14.3202	0	0	0	PASS	154S	-1100.88575	-1128.708345	55.64519	positive								positive
A	A	154	T	S	27	86	2.63402	1	0.409141424	0.388126548	convergent	"A:8; S:19"	7	"A:1; S:6"	38	23.03881775	8.4385	0.0027	0.7506	0.011787805	NOT PASS	154T	-994.162321	-995.478973	2.633304	positive								positive
A	A	156	A	S	7	1807	1.53886	1	0.298826113	0.524581455	reversion	S:7	41	"C:9; S:30; T:2"	23	14.14995424	3.1976	0.1514	1	0.25912381	NOT PASS	156A	-1135.687584	-1137.00295	2.630732	positive								positive
A	A	156	C	A	12	16	1.53886	2	0.199890411	0.699208039	convergent	"A:9; S:3"	0		7	1.59083024	1.4324	0	0	0	PASS	156C	-914.934287	-908.521148	-12.826278	positive								positive
A	A	156	S	A	30	136	1.53886	1	0.379624936	0.420645269	parallel	A:30	10	"A:7; C:3"	28	23.974151	10.193	0	0	0	PASS	156S	-1009.888288	-1013.760275	7.743974	negative								negative
A	A	156	T	A	4	41	1.53886	1	0.171816513	0.764935098	convergent	"A:2; V:2"	1	V:1	28	10.26609159	5.3779	0.7074	1	0.776214067	NOT PASS	156T	-881.901919	-873.908598	-15.986642	positive								positive
M	V	157	A	V	31	218	1.5385	1	0.180636135	0.743195368	convergent	"F:1; M:2; V:28"	10	"G:4; V:6"	24	9.47899296	3.5448	0	0	0	PASS	157A	-1019.155347	-1012.347848	-13.614998	positive								positive
M	V	157	G	A	8	34	1.5385	1	0.165917094	0.780108866	convergent	"A:4; V:4"	0		14	7.30346031	2.1313	0.0582	1	0.124764072	NOT PASS	157G	-893.471764	-892.221545	-2.500438	positive								positive
M	V	157	V	A	7	1721	1.5385	1	0.204611328	0.689070327	convergent	"A:6; F:1"	40	"A:28; E:1; F:1; G:4; I:6"	44	28.72136775	7.4365	0.5131	1	0.604242763	NOT PASS	157V	-1146.956646	-1140.048976	-13.81534	negative								negative
F	V	161	F	V	13	177	2.63517	1	0.046415008	1.333341569	convergent	"L:2; V:11"	26	"L:7; V:19"	39	39.52486556	5.7038	0.1181	1	0.211399	NOT PASS	161F	-1010.654126	-1007.137044	-7.034164	negative								negative
F	V	161	I	V	12	22	2.63517	1	0.754988884	0.122059443	convergent	"L:1; V:11"	3	"L:2; V:1"	60	44.41922391	8.4603	0.2137	1	0.340020444	NOT PASS	161I	-925.203755	-919.181423	-12.044664	positive								positive
F	V	161	L	V	42	149	2.63517	1	0.120719376	0.91822302	convergent	"F:7; I:2; V:33"	8	"F:2; I:1; V:5"	57	57.05064975	15.7505	0.003	0.825	0.012635294	NOT PASS	161L	-1075.125451	-1077.011568	3.772234	positive								positive
F	V	161	V	F	25	1665	2.63517	1	0.031352505	1.503727749	convergent	"F:19; I:1; L:5"	60	"A:3; F:11; I:11; L:33; M:2"	59	47.78620199	6.9901	0.0337	1	0.079372368	NOT PASS	161V	-1214.852916	-1220.331973	10.958114	positive								positive
M	M	171	L	M	10	38	0.22867	1	0.148512427	0.828237205	parallel	M:10	0		16	4.95827559	4.4771	0.0193	1	0.053149231	NOT PASS	171L	-903.169137	-897.269524	-11.799226	negative								negative
C	C	173	V	C	8	25	0.35881	2	0.029534159	1.529675391	parallel	C:8	1	G:1	17	1.70485456	1.5612	0.0013	0.3783	0.006744928	NOT PASS	173V	-895.583401	-892.302986	-6.56083	negative								negative
S	S	174	A	S	8	28	0.23035	1	0.298826113	0.524581455	parallel	S:8	1	G:1	10	2.66572631	2.5963	0.0047	1	0.01828913	NOT PASS	174A	-889.892211	-891.939188	4.093954	negative								negative
I	V	177	I	V	41	538	1.53902	1	0.754988884	0.122059443	reversion	V:41	24	"M:1; V:23"	42	59.54669216	8.2472	0.0002	0.0608	0.001213559	PASS	177I	-1107.672232	-1109.692021	4.039578	negative								negative
I	V	177	V	I	23	1483	1.53902	1	0.682957425	0.165606369	parallel	I:23	41	I:41	49	113.7976364	20.6434	0.5046	1	0.600155482	NOT PASS	177V	-1175.279278	-1175.46742	0.376284	positive								positive
K	A	183	A	V	6	1862	0.79338	1	0.180636135	0.743195368	convergent	"K:1; T:1; V:4"	14	"N:1; T:4; V:9"	15	1.71912476	1.2718	0.0122	1	0.037329915	NOT PASS	183A	-1038.961474	-1033.291337	-11.340274	negative								negative
K	A	183	T	A	6	23	0.79338	1	0.171816513	0.764935098	convergent	"A:4; V:2"	2	"A:1; V:1"	17	1.83265404	1.5186	0.0115	1	0.036758929	NOT PASS	183T	-890.253585	-886.769732	-6.967706	positive								positive
K	A	183	V	A	10	119	0.79338	1	0.204611328	0.689070327	convergent	"A:9; T:1"	6	"A:4; T:2"	21	1.07399559	0.5021	0.0017	0.4879	0.008224324	NOT PASS	183V	-938.836797	-935.186814	-7.299966	positive								positive
P	E	184	A	E	7	13	0.85875	1	0.063995681	1.193849333	convergent	"E:4; P:3"	0		16	3.13702236	2.6542	0.028	1	0.068434014	NOT PASS	184A	-887.478349	-885.072696	-4.811306	negative								negative
P	E	184	E	P	8	1629	0.85875	2	0.016672102	1.778009637	parallel	P:8	12	"A:4; D:1; K:1; P:6"	12	1.04444256	0.8088	0.002	0.566	0.009421053	NOT PASS	184E	-937.552508	-951.422539	27.740062	negative								negative
P	E	184	P	E	6	396	0.85875	2	0.0258442	1.587636907	reversion	E:6	12	"A:3; E:8; K:1"	6	0.12395959	0.0821	0.0001	0.031	0.000662963	PASS	184P	-943.10495	-954.847781	23.485662	positive								positive
E	G	185	G	D	4	2004	0.75439	1	0.042527371	1.371331464	convergent	"D:3; E:1"	3	"D:1; E:1; V:1"	9	0.79530204	0.6786	0.0124	1	0.037620339	NOT PASS	185G	-934.997698	-926.131293	-17.73281	positive								positive
V	F	186	F	Y	8	1407	2.63371	1	0.293218663	0.532808391	convergent	"I:1; V:2; Y:5"	22	"I:5; L:2; S:2; V:2; Y:11"	38	8.76715071	3.7673	0.0905	1	0.174188172	NOT PASS	186F	-957.221971	-980.911164	47.378386	negative								negative
V	F	186	I	V	25	82	2.63371	1	0.754988884	0.122059443	convergent	"F:5; V:18; Y:2"	10	"F:1; V:7; Y:2"	63	193.5603488	24.8182	0.5045	1	0.600155482	NOT PASS	186I	-994.61062	-993.569643	-2.081954	positive								positive
V	F	186	V	I	10	237	2.63371	1	0.682957425	0.165606369	convergent	"F:2; I:7; Y:1"	27	"F:2; I:18; L:1; T:1; Y:5"	62	143.8132504	14.7969	0.5574	1	0.63753738	NOT PASS	186V	-982.434048	-982.359008	-0.15008	positive								positive
V	F	186	Y	F	18	305	2.63371	1	0.373725726	0.427447006	convergent	"F:11; I:2; V:5"	8	"F:5; I:2; V:1"	30	6.08073951	1.4743	0.0051	1	0.019632258	NOT PASS	186Y	-978.662041	-977.340401	-2.64328	positive								positive
E	E	189	D	E	16	23	0.74822	1	0.323129988	0.490622736	parallel	E:16	0		15	10.18659264	3.5144	0	0	0	PASS	189D	-928.279702	-926.236127	-4.08715	negative								negative
S	S	190	T	S	16	26	0.38718	1	0.409141424	0.388126548	parallel	S:16	0		14	4.27071484	3.6746	0	0	0	PASS	190T	-931.549039	-932.761488	2.424898	negative								negative
F	F	191	Y	F	9	15	0.37074	1	0.373725726	0.427447006	parallel	F:9	1	F:1	12	3.477916	3.178	0.0059	1	0.021335354	NOT PASS	191Y	-901.07103	-898.810027	-4.522006	negative								negative
I	I	193	I	V	38	1571	3.893	1	0.754988884	0.122059443	convergent	"L:1; V:37"	100	"L:6; M:7; V:87"	77	183.347716	23.9201	0.1697	1	0.286568075	NOT PASS	193I	-1311.962232	-1342.741553	61.558642	positive								positive
I	I	193	L	I	8	25	3.893	1	0.265834899	0.575388005	convergent	"I:6; M:1; V:1"	1	I:1	69	145.483711	24.883	0.9179	1	0.936205698	NOT PASS	193L	-904.221989	-895.61275	-17.218478	negative								negative
I	I	193	V	I	87	437	3.893	1	0.682957425	0.165606369	parallel	I:87	39	"I:37; L:1; M:1"	79	281.5256916	30.0029	0	0	0	PASS	193V	-1287.241362	-1319.488811	64.494898	negative								negative
I	I	197	A	C	9	18	9.53584	2	0.037520206	1.425734781	convergent	"C:3; I:2; S:1; T:1; V:2"	4	"G:1; T:2; V:1"	60	70.41967479	21.5461	0.9752	1	0.980678652	NOT PASS	197A	-904.214925	-896.307428	-15.814994	negative								negative
I	I	197	C	V	20	89	9.53584	2	0.138907697	0.85727369	convergent	"F:1; I:6; L:2; T:4; V:7"	22	"A:3; I:1; L:1; S:9; T:5; V:3"	17	4.94496316	3.9678	0	0	0	PASS	197C	-990.878115	-983.248137	-15.259956	negative								negative
I	I	197	I	V	42	791	9.53584	1	0.754988884	0.122059443	convergent	"C:1; L:3; T:10; V:28"	110	"A:2; C:6; F:1; L:10; M:1; T:29; V:61"	103	399.297486	39.5414	0.4892	1	0.594401356	NOT PASS	197I	-1270.21046	-1303.766438	67.111956	positive								positive
I	I	197	L	I	16	221	9.53584	1	0.265834899	0.575388005	convergent	"C:1; I:10; T:1; V:4"	10	"C:2; I:3; S:2; T:2; V:1"	94	310.926848	37.8649	0.8859	1	0.913983285	NOT PASS	197L	-973.472052	-968.842748	-9.258608	positive								positive
I	I	197	S	T	38	84	9.53584	1	0.343417642	0.464177398	convergent	"C:9; L:2; T:22; V:5"	3	"A:1; T:2"	73	114.0424588	16.8954	0.061	1	0.129218935	NOT PASS	197S	-1027.632816	-1022.358416	-10.5488	negative								negative
I	I	197	T	I	66	383	9.53584	1	0.066296613	1.178508659	convergent	"A:2; C:5; F:1; I:29; L:2; S:2; V:25"	53	"A:1; C:4; I:10; L:1; S:22; V:15"	53	44.26343504	16.3364	0	0	0	PASS	197T	-1238.973508	-1241.291619	4.636222	negative								negative
I	I	197	V	I	81	445	9.53584	1	0.682957425	0.165606369	convergent	"A:1; C:3; I:61; L:1; T:15"	72	"A:2; C:7; G:1; I:28; L:4; S:5; T:25"	103	360.0071176	39.5921	0.0281	1	0.068434014	NOT PASS	197V	-1302.551005	-1310.097994	15.093978	negative								negative
V	C	198	C	V	6	1226	0.80535	2	0.138907697	0.85727369	parallel	V:6	18	"F:1; L:1; V:16"	5	0.66514236	0.6458	0	0	0	PASS	198C	-950.740567	-975.520397	49.55966	negative								negative
V	C	198	L	V	3	11	0.80535	1	0.120719376	0.91822302	convergent	"C:1; V:2"	2	V:2	25	8.66172636	5.0942	0.8169	1	0.867804748	NOT PASS	198L	-869.721176	-866.403684	-6.634984	negative								negative
V	C	198	V	C	18	805	0.80535	2	0.029534159	1.529675391	convergent	"C:16; L:2"	8	"C:6; L:2"	30	19.09708796	2.7802	0.0219	1	0.058508955	NOT PASS	198V	-953.465827	-981.855233	56.778812	positive								positive
T	L	201	A	M	15	25	9.53584	2	0.026445453	1.577648993	convergent	"C:1; L:1; M:6; S:6; T:1"	5	"I:1; S:2; T:2"	70	98.16374375	26.4275	0.9038	1	0.927107163	NOT PASS	201A	-933.085985	-927.00902	-12.15393	negative								negative
T	L	201	C	L	11	468	9.53584	2	0.06337321	1.198094293	convergent	"L:4; S:4; T:1; V:2"	61	"A:1; I:3; L:30; M:8; S:5; T:8; V:5; Y:1"	15	5.82182911	4.1033	0.0122	1	0.037329915	NOT PASS	201C	-1076.110871	-1083.344791	14.46784	negative								negative
T	L	201	F	L	15	82	9.53584	1	0.276608214	0.558134928	convergent	"I:3; L:6; M:2; S:1; T:2; V:1"	7	"I:1; L:3; T:2; W:1"	73	67.06385391	9.0897	0.1889	1	0.310211927	NOT PASS	201F	-952.49305	-949.857419	-5.271262	positive								positive
T	L	201	I	T	36	159	9.53584	1	0.054849955	1.260823727	convergent	"A:1; C:3; F:1; L:8; M:7; S:2; T:13; V:1"	26	"F:3; L:9; M:4; T:5; V:3; W:2"	101	338.5602496	22.1321	0.2232	1	0.352007048	NOT PASS	201I	-1073.869067	-1077.580811	7.423488	positive								positive
T	L	201	L	C	77	676	9.53584	2	0.008954003	2.047982771	convergent	"C:30; F:3; I:9; M:17; S:4; T:14"	64	"A:1; C:4; F:6; I:8; M:18; S:9; T:4; V:13; W:1"	86	244.8646146	21.8388	0.0025	0.6975	0.0111875	NOT PASS	201L	-1321.052692	-1323.12791	4.150436	positive								positive
T	L	201	M	L	53	205	9.53584	1	0.673450634	0.171694234	convergent	"C:8; I:4; L:18; S:6; T:15; V:1; W:1"	35	"A:6; F:2; I:7; L:17; S:2; T:1"	34	37.01109244	8.7766	0	0	0	PASS	201M	-1150.003168	-1142.377825	-15.250686	positive								positive
T	L	201	S	T	35	177	9.53584	1	0.343417642	0.464177398	convergent	"A:2; C:5; L:9; M:2; T:17"	40	"A:6; C:4; F:1; I:2; L:4; M:6; T:17"	72	153.955199	27.2936	0.272	1	0.393366935	NOT PASS	201S	-1071.696716	-1073.009051	2.62467	negative								negative
T	L	201	T	S	39	176	9.53584	1	0.409141424	0.388126548	convergent	"A:2; C:8; F:2; I:5; L:4; M:1; S:17"	66	"A:1; C:1; F:2; I:13; L:14; M:15; P:1; S:17; V:1; W:1"	58	60.36693239	18.7819	0.0224	1	0.059401481	NOT PASS	201T	-1134.070588	-1129.821676	-8.497824	positive								positive
T	L	201	V	L	22	39	9.53584	1	0.181661861	0.740736242	convergent	"C:5; I:3; L:13; T:1"	5	"C:2; F:1; I:1; M:1"	98	257.3167931	24.5617	0.4898	1	0.594401356	NOT PASS	201V	-965.743512	-963.86195	-3.763124	positive								positive
T	L	201	W	I	5	31	9.53584	3	0.007161072	2.145021936	convergent	"F:1; I:2; L:1; T:1"	1	M:1	15	2.964216	1.628	0.0572	1	0.123359036	NOT PASS	201W	-883.064529	-879.143392	-7.842274	positive								positive
I	I	202	A	T	16	17	4.02759	1	0.113521433	0.944922135	convergent	"I:2; T:11; V:3"	1	G:1	43	30.33689751	9.5557	0.152	1	0.25912381	NOT PASS	202A	-932.097603	-929.517533	-5.16014	negative								negative
I	I	202	I	V	25	1605	4.02759	1	0.754988884	0.122059443	convergent	"T:12; V:13"	88	"A:2; C:2; F:5; G:3; L:7; M:5; T:35; V:29"	75	179.4562598	24.4496	0.4396	1	0.556034507	NOT PASS	202I	-1255.791354	-1257.934123	4.285538	positive								positive
I	I	202	L	I	9	20	4.02759	1	0.265834899	0.575388005	convergent	"I:7; T:2"	1	V:1	72	154.1246996	25.3821	0.8988	1	0.924627586	NOT PASS	202L	-900.077545	-893.467182	-13.220726	positive								positive
I	I	202	T	I	42	258	4.02759	1	0.066296613	1.178508659	convergent	"I:35; V:7"	30	"A:11; G:1; I:12; L:2; V:4"	34	16.696575	7.665	0	0	0	PASS	202T	-1121.372846	-1115.365451	-12.01479	negative								negative
I	I	202	V	I	34	114	4.02759	1	0.682957425	0.165606369	convergent	"I:29; L:1; T:4"	26	"A:3; C:1; F:2; I:13; T:7"	81	278.105035	30.3364	0.3724	1	0.499322846	NOT PASS	202V	-1057.409643	-1055.682297	-3.454692	negative								negative
L	L	204	F	L	17	319	2.68915	1	0.276608214	0.558134928	convergent	"I:2; L:12; M:3"	7	"L:5; M:2"	37	14.74232391	7.4147	0.0147	1	0.042785366	NOT PASS	204F	-976.240435	-978.529973	4.579076	positive								positive
L	L	204	I	L	13	32	2.68915	1	0.442227453	0.354354301	convergent	"L:10; M:3"	6	"F:2; L:2; M:1; V:1"	57	64.64034631	17.8963	0.7742	1	0.834150751	NOT PASS	204I	-936.717232	-930.256005	-12.922454	positive								positive
L	L	204	L	F	11	1507	2.68915	1	0.124162976	0.906007885	convergent	"F:5; I:2; M:4"	56	"C:1; F:12; I:10; M:29; T:3; V:1"	59	82.53745871	9.6623	0.3198	1	0.442040154	NOT PASS	204L	-1119.418833	-1128.977019	19.116372	negative								negative
L	L	204	M	L	32	171	2.68915	1	0.673450634	0.171694234	convergent	"F:2; I:1; L:29"	10	"F:3; I:3; L:4"	23	15.39700959	8.3321	0	0	0	PASS	204M	-1039.725231	-1033.264573	-12.921316	positive								positive
V	T	205	A	T	45	76	9.53584	1	0.113521433	0.944922135	convergent	"C:1; F:1; I:7; M:1; T:30; V:5"	10	"C:1; F:1; I:1; M:2; T:4; V:1"	67	76.43803104	22.7664	0.0182	1	0.050508527	NOT PASS	205A	-1079.980884	-1073.116779	-13.72821	negative								negative
V	T	205	C	T	18	148	9.53584	2	0.060672787	1.217006055	convergent	"A:1; I:2; T:12; V:3"	25	"A:1; F:1; G:1; I:2; M:1; S:7; V:12"	15	5.07730671	4.0927	0	0	0	PASS	205C	-994.073551	-991.341159	-5.464784	positive								positive
V	T	205	F	I	49	236	9.53584	1	0.071362337	1.146530934	convergent	"A:1; C:1; I:18; L:1; T:18; V:10"	33	"A:1; I:12; L:4; M:2; S:1; T:8; V:5"	78	76.67004599	13.8549	0.0069	1	0.024217647	NOT PASS	205F	-1157.15955	-1153.575975	-7.16715	negative								negative
V	T	205	I	T	101	435	9.53584	1	0.054849955	1.260823727	convergent	"A:1; C:2; F:12; L:1; M:1; T:42; V:42"	93	"A:7; C:2; F:18; M:3; T:22; V:41"	107	431.7223295	38.3243	0.0006	0.1776	0.003409524	NOT PASS	205I	-1424.443935	-1433.190533	17.493196	positive								positive
V	T	205	L	F	10	15	9.53584	1	0.124162976	0.906007885	convergent	"F:4; M:2; S:1; T:3"	4	"F:1; I:1; M:1; V:1"	94	329.246156	35.562	0.9388	1	0.95209745	NOT PASS	205L	-906.800259	-900.298822	-13.002874	negative								negative
V	T	205	M	I	13	34	9.53584	1	0.274078534	0.562124978	convergent	"A:2; C:1; F:2; I:3; L:1; T:3; V:1"	7	"A:1; I:1; L:2; T:2; V:1"	38	49.98573696	13.4048	0.523	1	0.608135065	NOT PASS	205M	-930.023951	-929.264716	-1.51847	negative								negative
V	T	205	S	T	18	65	9.53584	1	0.343417642	0.464177398	convergent	"C:7; F:1; T:10"	2	"L:1; T:1"	73	129.27212	18.7002	0.4325	1	0.552982143	NOT PASS	205S	-938.708596	-931.57426	-14.268672	positive								positive
V	T	205	T	I	50	735	9.53584	1	0.066296613	1.178508659	convergent	"A:4; F:8; I:22; M:2; S:1; V:13"	154	"A:30; C:12; F:18; I:42; L:3; M:3; S:10; V:36"	54	47.13102511	17.0433	0.0005	0.149	0.002887097	NOT PASS	205T	-1449.711729	-1458.497111	17.570764	negative								negative
V	T	205	V	I	97	286	9.53584	1	0.682957425	0.165606369	convergent	"A:1; C:12; F:5; I:41; L:1; M:1; T:36"	74	"A:5; C:3; F:10; I:42; M:1; T:13"	109	370.959511	36.983	0.0021	0.5922	0.009763636	NOT PASS	205V	-1360.267104	-1358.491012	-3.552184	positive								positive
I	V	206	I	V	125	596	4.02769	1	0.754988884	0.122059443	convergent	"L:1; V:124"	60	"L:1; T:2; V:57"	80	223.5277068	26.1646	0	0	0	PASS	206I	-1431.675785	-1423.858161	-15.635248	negative								negative
I	V	206	T	V	11	61	4.02769	2	0.155133662	0.809293955	convergent	"I:2; V:9"	4	V:4	42	18.90989671	8.2573	0.2687	1	0.39263102	NOT PASS	206T	-927.868284	-922.43137	-10.873828	positive								positive
I	V	206	V	I	61	1375	4.02769	1	0.682957425	0.165606369	convergent	"I:57; T:4"	134	"A:1; I:124; T:9"	82	270.25868	26.8999	0.0356	1	0.083299346	NOT PASS	206V	-1508.406498	-1499.331926	-18.149144	positive								positive
I	I	207	I	V	31	1035	0.81161	1	0.754988884	0.122059443	reversion	V:31	9	"M:2; V:7"	30	19.33516656	3.1812	0	0	0	PASS	207I	-1017.470539	-1022.929277	10.917476	positive								positive
I	I	207	V	I	7	1002	0.81161	1	0.682957425	0.165606369	parallel	I:7	33	"I:31; M:2"	38	41.67655719	13.9341	0.8273	1	0.876252663	NOT PASS	207V	-1007.681495	-1014.454778	13.546566	negative								negative
F	F	208	F	S	6	1780	2.43451	1	0.022872182	1.640692409	convergent	"G:1; S:5"	27	"A:2; G:7; L:4; S:11; T:3"	40	37.61110551	5.2107	0.2897	1	0.408317323	NOT PASS	208F	-1000.647924	-998.00525	-5.285348	positive								positive
F	F	208	G	F	7	71	2.43451	2	0.004290237	2.367518667	parallel	F:7	3	"A:1; C:1; F:1"	18	1.94284156	0.8062	0.0128	1	0.037871074	NOT PASS	208G	-899.966312	-901.096352	2.26008	negative								negative
F	F	208	S	F	19	125	2.43451	1	0.017327366	1.761267444	convergent	"F:11; T:8"	19	"A:3; C:2; F:5; T:9"	31	8.36700775	2.4435	0.0065	1	0.023039604	NOT PASS	208S	-980.853938	-981.546145	1.384414	negative								negative
F	F	208	T	S	12	47	2.43451	1	0.409141424	0.388126548	convergent	"F:3; S:9"	9	"L:1; S:8"	29	5.90164719	1.9841	0.0107	1	0.034823636	NOT PASS	208T	-934.421761	-931.127601	-6.58832	positive								positive
A	V	20	A	V	14	48	0.82769	1	0.180636135	0.743195368	reversion	V:14	3	V:3	17	4.34131216	1.1972	0.0017	0.4879	0.008224324	NOT PASS	20A	-978.773046	-973.524596	-10.4969	positive								positive
A	V	20	V	A	3	794	0.82769	1	0.204611328	0.689070327	parallel	A:3	19	"A:14; H:1; I:2; L:1; S:1"	25	5.44758439	3.8669	0.709	1	0.776214067	NOT PASS	20V	-2040.617981	-2074.198556	67.16115	positive								positive
V	L	215	L	V	8	1423	0.40588	1	0.120719376	0.91822302	parallel	V:8	5	"M:1; V:4"	14	3.01811439	2.5169	0.0112	1	0.036122523	NOT PASS	215L	-875.715967	-911.545614	71.659294	negative								negative
V	L	215	V	L	4	619	0.40588	1	0.181661861	0.740736242	reversion	L:4	8	L:8	17	4.14564775	0.8765	0.073	1	0.148863277	NOT PASS	215V	-895.400821	-931.487032	72.172422	positive								positive
T	A	217	A	T	8	1446	0.36548	1	0.113521433	0.944922135	parallel	T:8	5	"T:3; V:2"	10	2.16517959	1.9821	0.0031	0.8463	0.012756322	NOT PASS	217A	-883.198967	-921.725283	77.052632	negative								negative
T	A	217	T	A	3	595	0.36548	1	0.171816513	0.764935098	reversion	A:3	8	A:8	13	0.62465904	0.2436	0.0228	1	0.059407246	NOT PASS	217T	-883.573171	-920.847897	74.549452	positive								positive
E	N	21	E	A	9	33	4.02485	1	0.083402242	1.078822273	convergent	"A:7; D:1; P:1"	7	"A:2; D:2; N:2; P:1"	49	63.02648239	9.1569	0.3688	1	0.496354887	NOT PASS	21E	-952.465956	-955.793615	6.655318	positive								positive
E	N	21	N	S	8	300	4.02485	1	0.253386064	0.596217275	convergent	"E:2; S:6"	39	"D:1; H:1; S:32; T:4; Y:1"	34	25.44650679	7.6389	0.398	1	0.523624176	NOT PASS	21N	-1568.495406	-1569.78708	2.583348	negative								negative
E	N	21	P	A	10	22	4.02485	1	0.094573402	1.024230987	convergent	"A:7; D:1; E:1; S:1"	1	E:1	14	2.84241719	2.3659	0.0017	0.4879	0.008224324	NOT PASS	21P	-930.476558	-927.230026	-6.493064	positive								positive
E	N	21	S	N	33	181	4.02485	1	0.165642389	0.780828516	convergent	"A:1; N:32"	8	"N:6; P:1; T:1"	47	35.64044816	9.7572	0.0065	1	0.023039604	NOT PASS	21S	-1094.05404	-1091.684171	-4.739738	positive								positive
E	E	220	A	E	6	26	0.79657	1	0.063995681	1.193849333	parallel	E:6	2	"E:1; V:1"	15	2.34031376	2.0932	0.0264	1	0.067029787	NOT PASS	220A	-891.09142	-881.818319	-18.546202	positive								positive
E	E	220	D	E	10	66	0.79657	1	0.323129988	0.490622736	parallel	E:10	0		17	7.83199919	5.6241	0.0848	1	0.166804396	NOT PASS	220D	-908.286461	-899.287856	-17.99721	positive								positive
Q	A	224	A	Q	6	1447	0.24331	2	0.034977033	1.456217032	parallel	Q:6	1	G:1	6	0.64399471	0.6273	0.0001	0.031	0.000662963	PASS	224A	-853.259669	-887.763469	69.0076	negative								negative
T	T	230	S	T	9	12	0.24142	1	0.343417642	0.464177398	parallel	T:9	0		11	3.10400224	2.9576	0.0039	1	0.01568764	NOT PASS	230S	-895.35705	-892.739726	-5.234648	negative								negative
R	R	236	K	R	11	93	0.45201	1	0.336193034	0.473411289	parallel	R:11	0		17	5.424564	4.694	0.0119	1	0.037329915	NOT PASS	236K	-912.812441	-906.639178	-12.346526	negative								negative
T	T	239	S	T	49	219	1.53657	1	0.343417642	0.464177398	parallel	T:49	5	T:5	32	39.25917839	12.7631	0	0	0	PASS	239S	-1075.507245	-1074.253701	-2.507088	negative								negative
T	T	239	T	S	5	1824	1.53657	1	0.409141424	0.388126548	reversion	S:5	50	"N:1; S:49"	23	11.47982064	2.7956	0.1956	1	0.318294545	NOT PASS	239T	-1079.84864	-1081.027028	2.356776	positive								positive
V	V	242	C	V	3	44	0.07239	2	0.138907697	0.85727369	parallel	V:3	0		3	0.06679759	0.0671	0.0001	0.031	0.000662963	PASS	242C	-887.981333	-879.228344	-17.505978	positive								positive
I	V	243	I	V	91	856	3.98157	1	0.754988884	0.122059443	reversion	V:91	49	V:49	74	184.8622694	24.4584	0	0	0	PASS	243I	-1306.704432	-1325.646349	37.883834	positive								positive
I	V	243	V	I	49	1187	3.98157	1	0.682957425	0.165606369	parallel	I:49	91	I:91	86	281.4874467	30.1177	0.187	1	0.308506912	NOT PASS	243V	-1326.924989	-1345.945046	38.040114	negative								negative
I	I	244	I	L	18	1301	2.63461	1	0.442227453	0.354354301	convergent	"L:14; M:4"	69	"L:52; M:14; N:1; V:2"	59	121.2940988	16.3739	0.3665	1	0.495120755	NOT PASS	244I	-1179.841037	-1182.762295	5.842516	negative								negative
I	I	244	L	I	53	528	2.63461	1	0.265834899	0.575388005	convergent	"A:1; I:52"	22	"I:14; M:7; V:1"	53	92.98623376	20.2068	0.0001	0.031	0.000662963	PASS	244L	-1141.513441	-1144.38065	5.734418	positive								positive
I	I	244	M	I	21	203	2.63461	1	0.274078534	0.562124978	convergent	"I:14; L:7"	5	"A:1; I:4"	23	10.40841116	6.3878	0.0002	0.0608	0.001213559	PASS	244M	-970.871152	-962.776779	-16.188746	positive								positive
V	V	246	F	V	6	62	0.79805	1	0.046415008	1.333341569	parallel	V:6	0		17	1.18094684	0.9646	0.0031	0.8463	0.012756322	NOT PASS	246F	-883.448809	-880.184336	-6.528946	positive								positive
V	V	246	G	V	3	270	0.79805	1	0.005437865	2.264571607	parallel	V:3	0		9	0.50692476	0.2718	0.0197	1	0.053836641	NOT PASS	246G	-871.149617	-870.726322	-0.84659	positive								positive
V	V	246	I	V	5	27	0.79805	1	0.754988884	0.122059443	parallel	V:5	2	V:2	33	33.01807836	12.8142	0.8831	1	0.913983285	NOT PASS	246I	-891.929419	-887.93954	-7.979758	positive								positive
I	I	247	C	I	3	12	3.9222	2	0.020562719	1.686919468	convergent	"I:1; L:1; V:1"	2	V:2	9	2.01328719	1.6591	0.2396	1	0.364219492	NOT PASS	247C	-873.68607	-868.82727	-9.7176	negative								negative
I	I	247	F	I	22	351	3.9222	1	0.071362337	1.146530934	convergent	"I:21; V:1"	3	"I:2; V:1"	47	23.33759375	8.0975	0.0121	1	0.037329915	NOT PASS	247F	-997.718894	-992.296357	-10.845074	positive								positive
I	I	247	I	V	26	1415	3.9222	1	0.754988884	0.122059443	convergent	"F:2; V:24"	98	"A:4; C:1; F:21; L:5; M:1; V:66"	74	155.990504	23.9902	0.423	1	0.548673913	NOT PASS	247I	-1277.32967	-1267.74468	-19.16998	negative								negative
I	I	247	L	I	6	12	3.9222	1	0.265834899	0.575388005	convergent	"I:5; M:1"	1	C:1	66	162.0133196	21.4006	0.9076	1	0.928345143	NOT PASS	247L	-882.45975	-878.72385	-7.4718	negative								negative
I	I	247	V	I	69	238	3.9222	1	0.682957425	0.165606369	convergent	"C:2; F:1; I:66"	29	"A:1; C:1; F:1; G:1; I:24; M:1"	85	244.5422278	25.8085	0.0057	1	0.020822449	NOT PASS	247V	-1178.582088	-1169.981699	-17.200778	negative								negative
S	A	248	A	S	21	1232	2.63522	1	0.298826113	0.524581455	convergent	"G:9; S:12"	57	"F:2; G:40; S:15"	40	63.977356	14.938	0.2777	1	0.399263454	NOT PASS	248A	-1158.237312	-1148.377963	-19.718698	negative								negative
S	A	248	G	A	44	491	2.63522	1	0.165917094	0.780108866	convergent	"A:40; S:4"	12	"A:9; S:3"	21	11.74825596	5.8602	0	0	0	PASS	248G	-1103.627434	-1093.970201	-19.314466	positive								positive
S	A	248	S	A	18	321	2.63522	1	0.379624936	0.420645269	convergent	"A:15; G:3"	16	"A:12; G:4"	41	48.19253311	9.3367	0.1447	1	0.249050962	NOT PASS	248S	-995.529155	-990.697381	-9.663548	positive								positive
F	F	249	F	Y	3	1683	0.81975	1	0.293218663	0.532808391	reversion	Y:3	20	Y:20	17	3.77494396	0.8902	0.1002	1	0.187809424	NOT PASS	249F	-931.192686	-953.608975	44.832578	negative								negative
F	F	249	Y	F	20	364	0.81975	1	0.373725726	0.427447006	parallel	F:20	3	F:3	17	9.431996	6.202	0	0	0	PASS	249Y	-931.908085	-953.566825	43.31748	positive								positive
A	A	24	G	A	9	16	0.63671	1	0.165917094	0.780108866	parallel	A:9	0		11	2.64103696	2.3452	0.0012	0.3516	0.00641194	NOT PASS	24G	-910.621493	-910.666941	0.090896	positive								positive
L	L	250	I	L	6	15	0.80641	1	0.442227453	0.354354301	convergent	"L:5; M:1"	2	"L:1; V:1"	29	28.58808496	8.7252	0.6863	1	0.760666873	NOT PASS	250I	-889.777137	-883.389217	-12.77584	positive								positive
V	V	251	A	V	6	17	4.02769	1	0.180636135	0.743195368	convergent	"T:1; V:5"	2	"S:1; T:1"	41	37.29116176	12.2268	0.8703	1	0.908359767	NOT PASS	251A	-890.448591	-883.680926	-13.53533	negative								negative
V	V	251	F	V	4	11	4.02769	1	0.046415008	1.333341569	parallel	V:4	1	I:1	43	19.69018559	6.0521	0.7033	1	0.774712	NOT PASS	251F	-875.625343	-871.315366	-8.619954	positive								positive
V	V	251	I	V	98	516	4.02769	1	0.754988884	0.122059443	convergent	"F:1; M:3; T:1; V:93"	42	"M:1; N:1; T:5; V:35"	75	279.2356298	29.4032	0	0	0	PASS	251I	-1331.589926	-1337.267366	11.35488	positive								positive
V	V	251	M	V	8	42	4.02769	1	0.134613258	0.870912166	convergent	"I:1; T:1; V:6"	5	"I:3; T:1; V:1"	26	16.40280975	7.2095	0.4309	1	0.552911111	NOT PASS	251M	-911.792607	-909.505114	-4.574986	negative								negative
V	V	251	T	I	12	34	4.02769	1	0.066296613	1.178508659	convergent	"A:1; I:5; M:1; S:1; V:4"	4	"A:1; G:1; I:1; M:1"	39	20.25112751	9.1057	0.263	1	0.386757377	NOT PASS	251T	-927.640296	-924.163519	-6.953554	negative								negative
V	V	251	V	I	36	1410	4.02769	1	0.682957425	0.165606369	convergent	"I:35; M:1"	115	"A:5; F:4; I:93; L:1; M:6; S:2; T:4"	77	214.079084	22.046	0.1824	1	0.302311111	NOT PASS	251V	-1344.821841	-1358.230827	26.817972	negative								negative
C	C	252	S	C	17	143	0.7995	1	0.041972946	1.377030543	convergent	"C:16; T:1"	3	"A:1; F:1; T:1"	18	5.42390944	4.1584	0.0002	0.0608	0.001213559	PASS	252S	-962.499883	-957.607734	-9.784298	negative								negative
I	L	254	C	L	38	229	9.53583	2	0.06337321	1.198094293	convergent	"I:1; L:26; V:11"	15	"F:2; I:1; L:9; T:1; V:2"	14	4.92387791	3.9953	0	0	0	PASS	254C	-1028.365614	-1067.100707	77.470186	negative								negative
I	L	254	F	L	6	15	9.53583	1	0.276608214	0.558134928	convergent	"C:2; L:3; V:1"	0		74	79.19339424	15.0024	0.8734	1	0.908945349	NOT PASS	254F	-887.87536	-884.076457	-7.597806	positive								positive
I	L	254	I	V	23	69	9.53583	1	0.754988884	0.122059443	convergent	"C:1; L:9; T:1; V:12"	12	"C:1; L:2; M:1; T:3; V:5"	105	405.6662435	39.8343	0.7617	1	0.824048943	NOT PASS	254I	-984.329532	-978.066932	-12.5252	positive								positive
I	L	254	L	V	36	1239	9.53583	1	0.120719376	0.91822302	convergent	"C:9; I:2; M:1; T:2; V:22"	92	"C:26; F:3; I:9; M:3; S:2; T:6; V:43"	95	309.818017	38.1048	0.5398	1	0.621377492	NOT PASS	254L	-1326.374521	-1321.866952	-9.015138	negative								negative
I	L	254	M	L	4	23	9.53583	1	0.673450634	0.171694234	convergent	"I:1; L:3"	2	"L:1; V:1"	42	48.82405616	14.4372	0.9553	1	0.96609435	NOT PASS	254M	-880.910863	-875.80303	-10.215666	positive								positive
I	L	254	T	L	16	104	9.53583	2	0.03231953	1.490534969	convergent	"C:1; I:3; L:6; V:6"	4	"I:1; L:2; V:1"	54	44.28636399	16.3199	0.5071	1	0.601131788	NOT PASS	254T	-938.36549	-946.496807	16.262634	positive								positive
I	L	254	V	L	52	356	9.53583	1	0.181661861	0.740736242	convergent	"C:2; I:5; L:43; M:1; T:1"	53	"C:11; F:1; I:12; L:22; T:6; W:1"	124	367.2485942	39.9976	0.257	1	0.384962343	NOT PASS	254V	-1213.032047	-1215.245133	4.426172	positive								positive
S	S	258	G	S	84	675	4.02713	1	0.109992475	0.958637026	parallel	S:84	38	"S:35; Y:3"	24	18.73956799	7.4649	0	0	0	PASS	258G	-1310.64328	-1311.621904	1.957248	positive								positive
S	S	258	S	G	35	1328	4.02713	1	0.113158819	0.946311593	reversion	G:35	92	"A:1; C:3; G:84; H:1; T:2; Y:1"	55	72.60561991	14.5747	0.0227	1	0.059407246	NOT PASS	258S	-1337.907096	-1338.871785	1.929378	negative								negative
S	S	258	Y	G	6	18	4.02713	2	0.003556004	2.449037782	convergent	"G:3; H:2; S:1"	2	W:2	37	9.91985724	2.3174	0.0682	1	0.14031954	NOT PASS	258Y	-887.657887	-885.026837	-5.2621	positive								positive
V	V	259	T	V	17	181	0.73523	2	0.155133662	0.809293955	parallel	V:17	2	V:2	12	2.54682556	2.3538	0	0	0	PASS	259T	-935.994323	-935.126281	-1.736084	positive								positive
F	Y	25	F	Y	57	121	4.02792	1	0.293218663	0.532808391	reversion	Y:57	12	"L:1; Y:11"	56	140.9047516	14.2906	0	0	0	PASS	25F	-1212.696569	-1211.947288	-1.498562	positive								positive
F	Y	25	Y	F	11	771	4.02792	1	0.373725726	0.427447006	parallel	F:11	59	"F:57; L:1; S:1"	48	95.24192464	12.1244	0.4601	1	0.575918467	NOT PASS	25Y	-1973.194148	-2025.463867	104.539438	positive								positive
A	A	260	S	A	4	13	0.15489	1	0.379624936	0.420645269	parallel	A:4	1	A:1	10	1.45050624	1.4376	0.0593	1	0.126365476	NOT PASS	260S	-876.730663	-871.005234	-11.450858	positive								positive
Y	Y	262	F	Y	67	303	9.5351	1	0.293218663	0.532808391	convergent	"W:20; Y:47"	27	"W:1; Y:26"	87	290.1662938	26.4425	0.0128	1	0.037871074	NOT PASS	262F	-1181.686431	-1191.631049	19.889236	negative								negative
Y	Y	262	W	Y	12	546	9.5351	2	0.118424216	0.92655948	convergent	"F:1; Y:11"	49	"F:20; Y:29"	20	12.77318639	4.9519	0.0533	1	0.11635	NOT PASS	262W	-1085.128464	-1093.309611	16.362294	negative								negative
Y	Y	262	Y	W	55	1181	9.5351	2	0.047412078	1.324111009	convergent	"F:26; W:29"	60	"F:47; H:2; W:11"	68	123.2966808	15.8161	0.0014	0.4046	0.00716	NOT PASS	262Y	-1284.542119	-1308.032493	46.980748	positive								positive
T	T	265	C	T	17	153	1.53936	2	0.060672787	1.217006055	convergent	"S:4; T:13"	4	"M:1; S:3"	7	1.08253751	0.9557	0	0	0	PASS	265C	-962.869997	-959.432044	-6.875906	negative								negative
T	T	265	L	T	8	18	1.53936	2	0.016073715	1.793883742	convergent	"S:3; T:5"	2	"I:1; S:1"	36	13.20158224	2.8076	0.0678	1	0.14030289	NOT PASS	265L	-900.38103	-898.83837	-3.08532	negative								negative
T	T	265	S	T	24	72	1.53936	1	0.343417642	0.464177398	convergent	"C:3; L:1; T:20"	9	"C:4; L:3; Q:1; T:1"	33	39.40452784	12.6596	0.0285	1	0.068939189	NOT PASS	265S	-978.191387	-986.759325	17.135876	negative								negative
H	H	266	N	H	56	342	1.54591	1	0.098255426	1.007643457	parallel	H:56	4	"H:2; I:1; Y:1"	19	11.52384679	6.2861	0	0	0	PASS	266N	-1124.730236	-1121.711133	-6.038206	negative								negative
Q	Q	267	K	Q	10	193	0.746	1	0.116637497	0.933161809	parallel	Q:10	7	Q:7	16	4.91509975	3.7755	0.0119	1	0.037329915	NOT PASS	267K	-925.246396	-927.209218	3.925644	positive								positive
Q	Q	267	Q	K	7	1811	0.746	1	0.185193556	0.732374129	reversion	K:7	17	"H:7; K:10"	10	1.221831	0.537	0.0024	0.6744	0.010875949	NOT PASS	267Q	-1094.120201	-1099.329521	10.41864	negative								negative
S	S	269	A	S	41	241	2.64762	1	0.298826113	0.524581455	convergent	"S:34; T:7"	14	"S:9; T:5"	40	63.88065424	14.5524	0	0	0	PASS	269A	-1061.646765	-1072.066482	20.839434	negative								negative
S	S	269	S	T	27	1519	2.64762	1	0.343417642	0.464177398	convergent	"A:9; T:18"	75	"A:34; C:1; I:1; L:1; T:37; V:1"	41	48.63810775	9.5685	0.0239	1	0.061115714	NOT PASS	269S	-1315.676764	-1340.401611	49.449694	negative								negative
S	S	269	T	S	42	239	2.64762	1	0.409141424	0.388126548	convergent	"A:5; S:37"	31	"A:7; I:6; S:18"	37	53.772871	12.173	0	0	0	PASS	269T	-1107.463585	-1107.337174	-0.252822	positive								positive
S	A	26	A	G	16	753	2.55915	1	0.134363213	0.87171962	convergent	"G:11; S:5"	21	"F:4; G:10; S:7"	39	61.63689056	14.3288	0.4411	1	0.556034507	NOT PASS	26A	-2009.93833	-2028.984624	38.092588	positive								positive
S	A	26	F	A	5	58	2.55915	2	0.02037392	1.690925413	convergent	"A:4; S:1"	5	"L:2; S:3"	37	6.20016271	1.5777	0.057	1	0.123359036	NOT PASS	26F	-916.680056	-911.971434	-9.417244	positive								positive
S	A	26	G	A	12	93	2.55915	1	0.165917094	0.780108866	convergent	"A:10; S:2"	11	A:11	20	11.47517184	5.5896	0.0457	1	0.101654321	NOT PASS	26G	-965.667697	-965.841095	0.346796	positive								positive
S	A	26	S	A	10	45	2.55915	1	0.379624936	0.420645269	convergent	"A:7; F:3"	9	"A:5; F:1; G:2; P:1"	47	46.52258556	9.2538	0.3784	1	0.503595539	NOT PASS	26S	-1004.175902	-995.550765	-17.250274	negative								negative
S	E	270	D	E	44	92	4.02762	1	0.323129988	0.490622736	convergent	"E:43; S:1"	7	"E:5; N:1; S:1"	33	27.75084384	6.4296	0	0	0	PASS	270D	-1056.023	-1052.393566	-7.258868	positive								positive
S	E	270	E	D	6	1745	4.02762	1	0.263937913	0.578498221	convergent	"D:5; S:1"	67	"A:4; D:43; I:1; L:1; M:1; Q:9; S:4; T:3; V:1"	46	26.56076124	6.5874	0.4997	1	0.600155482	NOT PASS	270E	-1261.911702	-1256.50266	-10.818084	negative								negative
S	E	270	I	T	6	26	4.02762	1	0.054849955	1.260823727	convergent	"E:1; S:1; T:2; V:2"	5	"T:4; V:1"	67	65.93704071	6.0077	0.3175	1	0.440562016	NOT PASS	270I	-891.512778	-889.092217	-4.841122	negative								negative
S	E	270	N	S	4	14	4.02762	1	0.253386064	0.596217275	convergent	"D:1; S:3"	4	S:4	31	25.73517399	8.8699	0.8466	1	0.888805865	NOT PASS	270N	-885.397582	-879.167945	-12.459274	positive								positive
S	E	270	Q	E	10	38	4.02762	1	0.254405918	0.594472791	convergent	"E:9; S:1"	3	"A:1; H:1; S:1"	25	12.002639	5.369	0.114	1	0.206121212	NOT PASS	270Q	-903.158875	-907.942003	9.566256	negative								negative
S	E	270	S	E	12	62	4.02762	2	0.037710094	1.423542391	convergent	"D:1; E:4; N:4; Q:1; T:2"	14	"A:1; D:1; E:1; G:1; I:1; N:3; Q:1; T:4; Y:1"	53	76.62540559	14.9521	0.5705	1	0.650442675	NOT PASS	270S	-952.188231	-943.943401	-16.48966	positive								positive
S	E	270	T	I	11	17	4.02762	1	0.066296613	1.178508659	convergent	"E:3; I:4; S:4"	5	"I:2; S:2; V:1"	45	70.15660719	13.9409	0.5767	1	0.655424127	NOT PASS	270T	-910.24423	-908.47706	-3.53434	negative								negative
V	V	274	F	L	4	12	2.6688	1	0.276608214	0.558134928	convergent	"L:2; V:2"	2	"G:1; L:1"	39	9.17390044	3.9134	0.482	1	0.588928328	NOT PASS	274F	-882.355414	-875.570811	-13.569206	negative								negative
V	V	274	I	V	56	128	2.6688	1	0.754988884	0.122059443	convergent	"L:8; V:48"	12	"L:5; V:7"	62	202.5390978	23.9985	0.0029	0.8004	0.012508434	NOT PASS	274I	-1102.506845	-1095.010515	-14.99266	positive								positive
V	V	274	L	V	27	557	2.6688	1	0.120719376	0.91822302	convergent	"F:1; I:5; V:21"	17	"F:2; I:8; V:6; Y:1"	52	76.69102439	15.9331	0.1243	1	0.220825743	NOT PASS	274L	-1126.338991	-1121.721168	-9.235646	negative								negative
V	V	274	V	I	13	1300	2.6688	1	0.682957425	0.165606369	convergent	"I:7; L:6"	73	"F:2; I:48; L:21; M:1; Y:1"	62	157.7717702	15.6176	0.4352	1	0.554454093	NOT PASS	274V	-1252.210531	-1251.616617	-1.187828	positive								positive
F	F	275	F	L	4	1872	1.54322	1	0.276608214	0.558134928	reversion	L:4	35	"C:1; L:28; Q:1; T:1; V:2; Y:2"	29	16.074576	2.732	0.2297	1	0.359094323	NOT PASS	275F	-1293.479228	-1294.076432	1.194408	negative								negative
F	F	275	L	F	28	108	1.54322	1	0.124162976	0.906007885	parallel	F:28	4	F:4	38	25.80880111	10.4417	0.0037	1	0.015052273	NOT PASS	275L	-1007.708281	-1005.753482	-3.909598	positive								positive
V	I	278	A	V	5	14	9.53583	1	0.180636135	0.743195368	convergent	"I:1; V:4"	1	I:1	64	85.92600071	23.6077	0.9991	1	0.9991	NOT PASS	278A	-873.376197	-869.643504	-7.465386	positive								positive
V	I	278	F	I	9	19	9.53583	1	0.071362337	1.146530934	convergent	"I:7; L:2"	2	"I:1; L:1"	74	78.55513884	12.2046	0.5897	1	0.665970347	NOT PASS	278F	-907.018472	-902.986822	-8.0633	negative								negative
V	I	278	I	L	61	1025	9.53583	1	0.442227453	0.354354301	convergent	"A:1; F:1; L:30; V:29"	111	"A:1; F:7; G:1; L:53; M:3; V:46"	102	466.9916764	32.5269	0.1168	1	0.210122613	NOT PASS	278I	-1523.768291	-1549.112892	50.689202	negative								negative
V	I	278	L	I	62	644	9.53583	1	0.265834899	0.575388005	convergent	"F:1; I:53; V:8"	61	"F:2; G:1; I:30; M:1; V:26; W:1"	94	347.0941876	30.7421	0.0671	1	0.139661628	NOT PASS	278L	-1321.945888	-1333.809259	23.726742	positive								positive
V	I	278	V	I	72	266	9.53583	1	0.682957425	0.165606369	convergent	"I:46; L:26"	43	"A:4; G:2; I:29; L:8"	116	367.4857624	32.5681	0.0436	1	0.098168553	NOT PASS	278V	-1248.197096	-1244.175224	-8.043744	negative								negative
A	A	27	A	C	6	438	4.0237	2	0.037520206	1.425734781	convergent	"C:3; L:1; M:2"	39	"C:6; G:13; L:5; M:3; V:11; W:1"	46	54.88176671	11.8073	0.7967	1	0.853947904	NOT PASS	27A	-1550.738911	-1560.488306	19.49879	positive								positive
A	A	27	C	A	8	392	4.0237	2	0.199890411	0.699208039	convergent	"A:6; V:2"	17	"A:3; F:2; L:4; M:2; S:2; V:3; W:1"	11	3.739399	2.649	0.0169	1	0.04763937	NOT PASS	27C	-1441.727105	-1469.193901	54.933592	positive								positive
A	A	27	G	A	14	16	4.0237	1	0.165917094	0.780108866	convergent	"A:13; M:1"	0		25	23.42833031	7.6813	0.1347	1	0.235232195	NOT PASS	27G	-924.924009	-921.600385	-6.647248	positive								positive
A	A	27	L	A	11	34	4.0237	2	0.031748256	1.49828013	convergent	"A:5; C:4; M:2"	3	"A:1; I:1; V:1"	65	70.12058384	8.4796	0.2229	1	0.352007048	NOT PASS	27L	-933.073443	-928.586571	-8.973744	positive								positive
A	A	27	M	A	7	35	4.0237	2	0.090267672	1.044467757	convergent	"A:3; C:2; I:1; V:1"	7	"A:2; G:1; I:1; L:2; V:1"	23	9.53423279	3.5311	0.1342	1	0.235232195	NOT PASS	27M	-909.28792	-902.792062	-12.991716	positive								positive
A	A	27	V	A	18	33	4.0237	1	0.204611328	0.689070327	convergent	"A:11; C:3; I:2; L:1; M:1"	7	"C:2; F:1; I:3; M:1"	71	78.06593991	12.7747	0.2401	1	0.364219492	NOT PASS	27V	-985.260083	-983.401992	-3.716182	negative								negative
A	A	280	A	S	11	1802	1.54265	1	0.298826113	0.524581455	reversion	S:11	46	"C:1; G:1; S:44"	27	20.42773111	3.8667	0.1036	1	0.191179381	NOT PASS	280A	-1453.194061	-1489.614047	72.839972	positive								positive
A	A	280	S	A	44	135	1.54265	1	0.379624936	0.420645269	parallel	A:44	13	"A:11; C:1; I:1"	30	26.74253991	9.7747	0	0	0	PASS	280S	-1054.592306	-1084.081003	58.977394	negative								negative
S	S	285	A	S	6	78	0.82053	1	0.298826113	0.524581455	convergent	"G:1; S:4; T:1"	7	"G:3; S:4"	21	13.50495584	7.4304	0.7015	1	0.774712	NOT PASS	285A	-909.484853	-901.012991	-16.943724	positive								positive
S	S	285	G	S	7	49	0.82053	1	0.109992475	0.958637026	convergent	"A:3; S:4"	1	A:1	11	2.95867559	2.4771	0.0209	1	0.056257143	NOT PASS	285G	-908.596819	-905.861749	-5.47014	positive								positive
S	S	285	S	T	13	1165	0.82053	1	0.343417642	0.464177398	convergent	"A:4; T:9"	20	"A:4; G:4; R:1; T:10; V:1"	18	6.86149975	1.7755	0.0057	1	0.020822449	NOT PASS	285S	-1601.820435	-1630.902617	58.164364	negative								negative
S	S	285	T	S	10	470	0.82053	1	0.409141424	0.388126548	parallel	S:10	11	"A:1; N:1; S:9"	18	11.90251424	6.6024	0.2059	1	0.329072321	NOT PASS	285T	-1092.771309	-1120.175641	54.808664	positive								positive
S	S	286	A	S	27	363	1.53576	1	0.298826113	0.524581455	parallel	S:27	19	"S:18; V:1"	32	32.93283664	11.1156	0.0011	0.3245	0.006058462	NOT PASS	286A	-1144.091666	-1151.469229	14.755126	positive								positive
S	S	286	S	A	18	1251	1.53576	1	0.379624936	0.420645269	reversion	A:18	31	"A:27; G:1; L:1; P:2"	28	22.15732764	4.6894	0.0229	1	0.059407246	NOT PASS	286S	-1979.784758	-1985.481782	11.394048	negative								negative
A	A	287	A	S	73	867	3.85694	1	0.298826113	0.524581455	reversion	S:73	32	"G:1; S:31"	43	57.31768764	11.7394	0	0	0	PASS	287A	-1810.495822	-1836.232584	51.473524	positive								positive
A	A	287	S	A	31	684	3.85694	1	0.379624936	0.420645269	parallel	A:31	76	"A:73; P:1; T:2"	48	81.46578119	16.9891	0.0735	1	0.148863277	NOT PASS	287S	-1665.938113	-1704.137285	76.398344	negative								negative
L	I	288	I	V	10	934	1.53597	1	0.754988884	0.122059443	convergent	"L:4; V:6"	32	"C:1; L:7; T:1; V:23"	40	26.67890759	11.1421	0.6387	1	0.712319626	NOT PASS	288I	-1728.081851	-1788.012684	119.861666	negative								negative
L	I	288	L	I	7	74	1.53597	1	0.265834899	0.575388005	reversion	I:7	5	"I:4; V:1"	44	37.62316191	4.7303	0.2348	1	0.360765665	NOT PASS	288L	-938.4501	-934.344167	-8.211866	positive								positive
L	I	288	V	I	25	512	1.53597	1	0.682957425	0.165606369	convergent	"C:1; I:23; L:1"	7	"F:1; I:6"	49	40.15355004	8.0886	0.0458	1	0.101654321	NOT PASS	288V	-1464.843659	-1497.855686	66.024054	positive								positive
Y	Y	289	F	Y	3	24	0.31853	1	0.293218663	0.532808391	parallel	Y:3	2	"L:1; Y:1"	13	3.74130999	3.5499	0.6798	1	0.755802484	NOT PASS	289F	-879.898362	-871.751733	-16.293258	positive								positive
L	L	28	M	L	3	12	0.42044	1	0.673450634	0.171694234	parallel	L:3	0		9	1.88079911	1.8467	0.2814	1	0.402039683	NOT PASS	28M	-890.515296	-885.243539	-10.543514	positive								positive
L	M	292	A	M	7	18	4.02769	2	0.026445453	1.577648993	convergent	"C:1; L:2; M:3; V:1"	2	"M:1; V:1"	42	25.67761404	7.7186	0.5	1	0.600155482	NOT PASS	292A	-910.72387	-908.56332	-4.3211	positive								positive
L	M	292	C	L	6	193	4.02769	2	0.06337321	1.198094293	convergent	"L:4; M:2"	3	"A:1; F:1; L:1"	12	1.94719375	1.6225	0.0137	1	0.040201639	NOT PASS	292C	-1225.498237	-1250.663614	50.330754	positive								positive
L	M	292	I	M	12	123	4.02769	1	0.100546222	0.997634245	convergent	"L:3; M:5; V:4"	15	"F:1; L:1; M:1; V:12"	75	138.1363084	23.8869	0.8367	1	0.88359469	NOT PASS	292I	-972.221808	-969.715063	-5.01349	positive								positive
L	M	292	L	M	40	287	4.02769	1	0.148512427	0.828237205	convergent	"C:1; I:1; M:36; V:2"	26	"A:2; C:4; I:3; M:12; V:5"	73	143.1569463	16.5213	0.0516	1	0.113330061	NOT PASS	292L	-1354.449807	-1353.560145	-1.779324	positive								positive
L	M	292	M	L	14	395	4.02769	1	0.673450634	0.171694234	convergent	"A:1; I:1; L:12"	55	"A:3; C:2; I:5; L:36; P:1; S:1; V:7"	29	25.67098199	10.0901	0.2635	1	0.386757377	NOT PASS	292M	-1416.873308	-1475.826526	117.906436	negative								negative
L	M	292	V	I	25	121	4.02769	1	0.682957425	0.165606369	convergent	"A:1; I:12; L:5; M:7"	7	"A:1; I:4; L:2"	75	149.800086	19.9451	0.2248	1	0.352975439	NOT PASS	292V	-1053.001265	-1059.752131	13.501732	positive								positive
I	I	295	V	I	5	18	0.52735	1	0.682957425	0.165606369	parallel	I:5	0		25	20.81352775	9.9085	0.8539	1	0.893848538	NOT PASS	295V	-885.934833	-880.242902	-11.383862	positive								positive
C	C	296	L	C	3	34	0.93626	2	0.008954003	2.047982771	parallel	C:3	0		26	4.19130839	2.1131	0.3164	1	0.440562016	NOT PASS	296L	-899.362126	-893.182646	-12.35896	negative								negative
M	M	297	L	M	22	47	1.38677	1	0.148512427	0.828237205	parallel	M:22	0		44	100.5955816	14.4529	0.306	1	0.4296	NOT PASS	297L	-1013.547864	-1011.675315	-3.745098	positive								positive
A	A	29	A	G	14	567	1.65531	1	0.134363213	0.87171962	convergent	"G:13; S:1"	10	"G:6; S:4"	27	17.55174375	3.6925	0.042	1	0.096384615	NOT PASS	29A	-1355.168561	-1405.122327	99.907532	positive								positive
A	A	29	G	A	6	530	1.65531	1	0.165917094	0.780108866	parallel	A:6	17	"A:13; C:3; S:1"	17	8.51679839	4.7881	0.3989	1	0.523624176	NOT PASS	29G	-1639.321093	-1639.830009	1.017832	negative								negative
S	V	2	A	S	5	22	3.89756	1	0.298826113	0.524581455	convergent	"S:2; T:1; V:2"	0		53	82.39114976	16.3968	0.9384	1	0.95209745	NOT PASS	2A	-884.118072	-879.039343	-10.157458	positive								positive
S	V	2	S	V	3	54	3.89756	2	0.006974059	2.156514377	convergent	"L:1; V:2"	6	"A:2; D:1; I:1; L:1; V:1"	51	72.43505975	14.2405	0.9705	1	0.978701408	NOT PASS	2S	-1012.687903	-1015.361254	5.346702	positive								positive
H	H	303	H	N	3	334	3.65081	1	0.186340879	0.72969186	convergent	"N:2; Q:1"	30	"E:1; N:18; P:1; Q:7; T:3"	20	9.55192975	3.5295	0.5283	1	0.612075728	NOT PASS	303H	-1472.393752	-1469.697228	-5.393048	positive								positive
H	H	303	N	H	18	28	3.65081	1	0.098255426	1.007643457	parallel	H:18	4	"H:2; Q:1; T:1"	32	31.53553671	8.8573	0.0798	1	0.1596	NOT PASS	303N	-965.402244	-960.664653	-9.475182	negative								negative
H	H	303	Q	H	8	18	3.65081	1	0.104885345	0.979285188	convergent	"H:7; N:1"	1	H:1	27	26.60861239	7.8069	0.4617	1	0.575918467	NOT PASS	303Q	-903.310713	-898.481389	-9.658648	negative								negative
A	A	30	C	A	5	48	0.72173	2	0.199890411	0.699208039	parallel	A:5	0		7	0.80103104	0.7664	0.0019	0.5396	0.009069333	NOT PASS	30C	-889.654047	-887.453704	-4.400686	positive								positive
A	A	30	S	A	6	17	0.72173	1	0.379624936	0.420645269	parallel	A:6	1	A:1	18	8.16501359	5.7121	0.5232	1	0.608135065	NOT PASS	30S	-919.145846	-912.416348	-13.458996	positive								positive
F	F	34	F	L	22	1012	2.54605	1	0.276608214	0.558134928	reversion	L:22	19	"L:16; M:1; S:1; T:1"	38	38.58946656	5.5688	0.0432	1	0.098168553	NOT PASS	34F	-1556.491785	-1589.771774	66.559978	positive								positive
F	F	34	L	F	16	325	2.54605	1	0.124162976	0.906007885	parallel	F:16	25	"F:22; M:2; V:1"	56	54.58626359	15.3371	0.5213	1	0.608135065	NOT PASS	34L	-1365.85445	-1365.038487	-1.631926	negative								negative
I	I	36	M	I	5	11	0.18942	1	0.274078534	0.562124978	parallel	I:5	0		5	0.59083856	0.5988	0.0002	0.0608	0.001213559	PASS	36M	-881.449138	-876.976108	-8.94606	positive								positive
I	L	37	F	L	3	14	3.81536	1	0.276608214	0.558134928	convergent	"I:1; L:2"	0		40	19.30506239	7.0681	0.8859	1	0.913983285	NOT PASS	37F	-904.274954	-909.055417	9.560926	negative								negative
I	L	37	I	L	43	258	3.81536	1	0.442227453	0.354354301	reversion	L:43	28	"F:1; L:25; V:2"	71	174.7632764	23.4066	0.1055	1	0.193687179	NOT PASS	37I	-1204.53085	-1221.172512	33.283324	positive								positive
I	L	37	L	I	25	1131	3.81536	1	0.265834899	0.575388005	parallel	I:25	46	"F:2; I:43; V:1"	69	147.125624	24.3098	0.4994	1	0.600155482	NOT PASS	37L	-1779.875396	-1772.65741	-14.435972	positive								positive
T	T	38	A	V	16	61	4.02714	1	0.180636135	0.743195368	convergent	"L:2; T:6; V:8"	2	"T:1; V:1"	46	59.66359479	15.6789	0.4806	1	0.588928328	NOT PASS	38A	-981.663416	-975.793258	-11.740316	negative								negative
T	T	38	F	L	11	14	4.02714	1	0.276608214	0.558134928	convergent	"L:6; T:1; V:4"	1	T:1	42	13.89041884	3.0546	0.0395	1	0.091232258	NOT PASS	38F	-920.761236	-915.578731	-10.36501	negative								negative
T	T	38	I	V	12	31	4.02714	1	0.754988884	0.122059443	convergent	"L:1; T:1; V:10"	8	"L:2; V:6"	69	126.3415668	10.3139	0.282	1	0.402039683	NOT PASS	38I	-966.4094	-960.582191	-11.654418	positive								positive
T	T	38	L	V	18	338	4.02714	1	0.120719376	0.91822302	convergent	"I:2; T:1; V:15"	29	"A:2; C:1; F:6; I:1; M:1; T:1; V:17"	66	82.92546775	9.0885	0.1369	1	0.236764251	NOT PASS	38L	-1314.268339	-1325.886726	23.236774	negative								negative
T	T	38	T	V	6	552	4.02714	2	0.155133662	0.809293955	convergent	"A:1; F:1; L:1; V:3"	18	"A:6; F:1; I:1; L:1; P:1; V:8"	41	43.05492831	9.8263	0.7157	1	0.781160366	NOT PASS	38T	-1125.319277	-1174.17341	97.708266	positive								positive
T	T	38	V	L	32	410	4.02714	1	0.181661861	0.740736242	convergent	"A:1; I:6; L:17; T:8"	43	"A:8; F:4; I:10; L:15; M:2; R:1; T:3"	78	90.24836124	12.8374	0.046	1	0.101654321	NOT PASS	38V	-1263.025652	-1257.429217	-11.19287	positive								positive
G	G	39	A	G	5	20	0.82364	1	0.134363213	0.87171962	convergent	"C:2; G:3"	1	S:1	17	4.70040316	4.1822	0.4096	1	0.535170803	NOT PASS	39A	-907.857199	-914.647683	13.580968	negative								negative
G	G	39	C	G	3	26	0.82364	1	0.037021681	1.431543862	parallel	G:3	5	"A:2; G:3"	5	0.28753436	0.2758	0.004	1	0.015736264	NOT PASS	39C	-880.079538	-874.990155	-10.178766	positive								positive
G	G	39	G	C	3	1424	0.82364	1	0.008581044	2.066459851	reversion	C:3	6	"A:3; C:3"	7	0.57384816	0.2572	0.0277	1	0.068390345	NOT PASS	39G	-1736.580678	-1766.804254	60.447152	positive								positive
F	F	40	L	F	5	13	0.3665	1	0.124162976	0.906007885	parallel	F:5	0		12	3.31652764	3.0606	0.2026	1	0.326715315	NOT PASS	40L	-883.933901	-877.316798	-13.234206	positive								positive
I	I	42	I	V	36	1051	3.90841	1	0.754988884	0.122059443	reversion	V:36	76	"L:2; S:1; T:1; V:72"	71	186.4850426	24.3088	0.2043	1	0.327979372	NOT PASS	42I	-1662.059393	-1666.752612	9.386438	positive								positive
I	I	42	L	I	4	17	3.90841	1	0.265834899	0.575388005	convergent	"I:2; V:2"	0		67	147.2834752	24.5522	0.978	1	0.980739496	NOT PASS	42L	-879.246898	-873.150428	-12.19294	negative								negative
I	I	42	V	I	72	422	3.90841	1	0.682957425	0.165606369	parallel	I:72	38	"I:36; L:2"	82	271.957438	28.8101	0.0027	0.7506	0.011787805	NOT PASS	42V	-1439.042586	-1441.216082	4.346992	positive								positive
F	F	44	S	F	4	28	0.32178	1	0.017327366	1.761267444	parallel	F:4	0		5	0.26059184	0.2396	0.0012	0.3516	0.00641194	NOT PASS	44S	-882.891215	-888.745116	11.707802	negative								negative
Y	Y	48	F	Y	5	69	0.30377	1	0.293218663	0.532808391	parallel	Y:5	0		12	3.59062524	3.4074	0.2636	1	0.386757377	NOT PASS	48F	-919.935169	-913.076665	-13.717008	negative								negative
A	T	4	A	T	4	48	1.33517	1	0.113521433	0.944922135	reversion	T:4	4	"E:1; G:1; M:1; T:1"	26	12.73466256	2.8588	0.2725	1	0.393366935	NOT PASS	4A	-987.986402	-988.299584	0.626364	positive								positive
I	I	51	I	L	27	1077	2.63472	1	0.442227453	0.354354301	convergent	"L:25; M:1; V:1"	51	"F:1; L:40; M:5; V:5"	59	127.8561623	16.6387	0.1949	1	0.318294545	NOT PASS	51I	-1536.921869	-1581.868894	89.89405	positive								positive
I	I	51	L	I	41	583	2.63472	1	0.265834899	0.575388005	convergent	"I:40; M:1"	28	"F:1; I:25; M:2"	55	94.54876636	19.9942	0.0106	1	0.034814679	NOT PASS	51L	-1374.743426	-1390.3647	31.242548	negative								negative
I	I	51	M	I	7	12	2.63472	1	0.274078534	0.562124978	convergent	"I:5; L:2"	2	"I:1; L:1"	19	10.63999839	6.3369	0.4511	1	0.566644912	NOT PASS	51M	-893.327525	-887.826563	-11.001924	negative								negative
E	E	52	Q	E	15	77	0.81206	1	0.254405918	0.594472791	parallel	E:15	1	E:1	12	3.82380191	3.3303	0	0	0	PASS	52Q	-944.88294	-939.629665	-10.50655	negative								negative
P	P	59	A	P	16	74	1.46557	1	0.046813296	1.329630777	convergent	"P:15; S:1"	1	D:1	23	6.83064375	4.5675	0.0057	1	0.020822449	NOT PASS	59A	-967.110456	-963.768825	-6.683262	negative								negative
I	I	63	V	I	6	20	0.20912	1	0.682957425	0.165606369	parallel	I:6	1	I:1	16	5.16084159	4.6279	0.3317	1	0.454975479	NOT PASS	63V	-887.113728	-884.233273	-5.76091	negative								negative
V	V	69	I	V	6	213	0.38738	1	0.754988884	0.122059443	parallel	V:6	9	V:9	20	10.38891584	7.2696	0.7196	1	0.783029787	NOT PASS	69I	-1051.911841	-1061.200065	18.576448	positive								positive
V	V	69	V	I	9	1498	0.38738	1	0.682957425	0.165606369	reversion	I:9	6	I:6	16	3.68553879	0.8011	0.0161	1	0.0461104	NOT PASS	69V	-1512.041491	-1523.533769	22.984556	negative								negative
A	A	70	G	A	4	37	0.41844	1	0.165917094	0.780108866	parallel	A:4	0		9	1.76246519	1.6309	0.0901	1	0.174188172	NOT PASS	70G	-877.265958	-867.994716	-18.542484	positive								positive
A	A	70	S	A	7	149	0.41844	1	0.379624936	0.420645269	parallel	A:7	2	A:2	13	4.112824	3.624	0.0889	1	0.172968478	NOT PASS	70S	-1025.49228	-1030.970608	10.956656	positive								positive
D	D	71	D	N	33	1163	2.63353	1	0.209768051	0.678260657	reversion	N:33	34	"G:3; N:31"	28	29.29254319	5.2959	0	0	0	PASS	71D	-1413.413626	-1480.539132	134.251012	positive								positive
D	D	71	N	D	31	541	2.63353	1	0.25549607	0.592615777	parallel	D:31	33	D:33	30	27.79848704	10.7464	0	0	0	PASS	71N	-1392.48441	-1443.499645	102.03047	negative								negative
F	F	73	L	F	5	39	0.34587	1	0.124162976	0.906007885	parallel	F:5	2	M:2	13	3.08967999	2.8999	0.1705	1	0.286568075	NOT PASS	73L	-887.442008	-880.72664	-13.430736	positive								positive
F	F	76	F	I	3	1596	2.57191	1	0.071362337	1.146530934	convergent	"I:2; L:1"	43	"C:2; I:17; L:20; V:1; Y:3"	40	37.66713439	5.4919	0.6117	1	0.686484639	NOT PASS	76F	-1672.228528	-1683.995057	23.533058	positive								positive
F	F	76	I	F	17	68	2.57191	1	0.053288048	1.273370186	parallel	F:17	7	"F:2; L:1; M:1; V:3"	51	42.55350831	8.3487	0.1062	1	0.193977551	NOT PASS	76I	-969.569521	-969.473532	-0.191978	negative								negative
F	F	76	L	F	21	33	2.57191	1	0.124162976	0.906007885	convergent	"F:20; I:1"	1	F:1	54	54.41645631	15.5463	0.2548	1	0.383270588	NOT PASS	76L	-993.57904	-989.649904	-7.858272	negative								negative
V	I	7	I	V	11	221	3.63425	1	0.754988884	0.122059443	parallel	V:11	13	"F:1; L:1; T:1; V:10"	77	237.4768524	25.2266	0.806	1	0.861337313	NOT PASS	7I	-1090.216935	-1093.304484	6.175098	positive								positive
V	I	7	V	I	10	58	3.63425	1	0.682957425	0.165606369	reversion	I:10	15	"I:11; L:2; M:1; R:1"	78	231.1122375	22.1693	0.8128	1	0.866019048	NOT PASS	7V	-1042.076345	-1046.7462	9.33971	positive								positive
M	M	83	I	M	32	274	1.53909	1	0.100546222	0.997634245	convergent	"L:2; M:23; V:7"	9	"L:1; M:2; T:3; V:3"	41	28.25742896	10.6348	0.0024	0.6744	0.010875949	NOT PASS	83I	-1052.515721	-1048.083989	-8.863464	positive								positive
M	M	83	L	M	16	30	1.53909	1	0.148512427	0.828237205	convergent	"I:1; M:15"	3	"I:2; V:1"	47	98.28481244	18.4266	0.6301	1	0.704924375	NOT PASS	83L	-930.908663	-926.130583	-9.55616	negative								negative
M	M	83	M	I	3	1351	1.53909	1	0.274078534	0.562124978	convergent	"I:2; V:1"	43	"F:1; I:23; L:15; V:4"	15	5.43159511	2.0933	0.3084	1	0.431278125	NOT PASS	83M	-1669.50577	-1664.747323	-9.516894	negative								negative
M	M	83	V	M	8	54	1.53909	1	0.044671614	1.349968359	convergent	"I:3; L:1; M:4"	9	"A:1; I:7; M:1"	40	34.22019679	8.0361	0.4265	1	0.549233813	NOT PASS	83V	-912.616244	-906.680086	-11.872316	positive								positive
T	T	85	S	T	3	84	0.20892	1	0.343417642	0.464177398	parallel	T:3	4	T:4	11	2.62543484	2.5746	0.4748	1	0.586132414	NOT PASS	85S	-888.517791	-901.666821	26.29806	negative								negative
T	T	85	T	S	4	1633	0.20892	1	0.409141424	0.388126548	reversion	S:4	3	S:3	6	0.14349375	0.0825	0.0015	0.432	0.00756338	NOT PASS	85T	-1590.546861	-1617.276865	53.460008	positive								positive
M	M	87	I	M	6	20	0.64953	1	0.100546222	0.997634245	convergent	"L:1; M:5"	0		28	7.09254071	5.1173	0.4131	1	0.537781091	NOT PASS	87I	-888.314147	-882.229211	-12.169872	negative								negative
M	M	87	L	M	6	358	0.64953	1	0.148512427	0.828237205	parallel	M:6	10	"I:1; M:8; S:1"	28	22.806159	10.721	0.8453	1	0.888805865	NOT PASS	87L	-1097.412494	-1125.261735	55.698482	positive								positive
M	M	87	M	L	8	1335	0.64953	1	0.673450634	0.171694234	reversion	L:8	13	"A:1; F:1; I:5; L:6"	8	1.00143356	0.5238	0.0005	0.149	0.002887097	NOT PASS	87M	-1462.326577	-1486.954638	49.256122	negative								negative
N	H	88	H	N	7	1599	0.91331	1	0.186340879	0.72969186	parallel	N:7	24	"N:16; R:1; Y:7"	11	2.67794775	2.2235	0.0127	1	0.037871074	NOT PASS	88H	-1692.86745	-1698.06883	10.40276	positive								positive
N	H	88	N	H	16	91	0.91331	1	0.098255426	1.007643457	reversion	H:16	8	"H:7; S:1"	17	2.74316096	0.9648	0.0001	0.031	0.000662963	PASS	88N	-958.334813	-961.11586	5.562094	positive								positive
N	H	88	Y	H	7	13	0.91331	1	0.115634889	0.936911113	parallel	H:7	0		11	1.18046775	0.7115	0.0053	1	0.020185106	NOT PASS	88Y	-895.357043	-891.890439	-6.933208	negative								negative
Y	Y	90	F	Y	3	11	0.15045	1	0.293218663	0.532808391	parallel	Y:3	0		8	1.71089671	1.7427	0.2517	1	0.380205063	NOT PASS	90F	-869.203708	-863.011453	-12.38451	positive								positive
V	V	92	I	V	10	18	0.33262	1	0.754988884	0.122059443	parallel	V:10	0		19	8.20783644	6.3934	0.136	1	0.236349515	NOT PASS	92I	-921.416052	-915.566658	-11.698788	positive								positive
F	L	93	L	F	11	1268	0.77386	1	0.124162976	0.906007885	parallel	F:11	5	"A:1; F:2; I:1; V:1"	24	8.376496	6.052	0.0634	1	0.132732164	NOT PASS	93L	-1541.851272	-1562.514545	41.326546	negative								negative
E	R	95	K	R	3	15	0.66947	1	0.336193034	0.473411289	parallel	R:3	1	R:1	12	2.29918364	2.0694	0.344	1	0.466484848	NOT PASS	95K	-874.537664	-865.345865	-18.383598	positive								positive
T	L	96	I	L	10	60	2.60062	1	0.442227453	0.354354301	convergent	"L:6; V:4"	13	"L:6; V:7"	54	58.46697456	6.7388	0.1819	1	0.302311111	NOT PASS	96I	-962.180318	-963.86195	3.363264	positive								positive
T	L	96	L	V	16	1516	2.60062	1	0.120719376	0.91822302	convergent	"I:6; T:3; V:7"	19	"A:1; I:6; M:3; N:1; T:2; V:6"	53	39.05430975	5.4905	0.0736	1	0.148863277	NOT PASS	96L	-1624.595124	-1620.005696	-9.178856	negative								negative
T	L	96	V	I	16	62	2.60062	1	0.682957425	0.165606369	convergent	"I:7; L:6; T:3"	12	"I:4; L:7; S:1"	56	46.19969375	9.2425	0.0993	1	0.187667368	NOT PASS	96V	-977.425477	-985.855081	16.859208	positive								positive
