pastml_root	consensus	position	mut	ref_emerge	nbseq	max_simu	pvalue	variance	mean	rate	max_anc	Typesubstitution	details	loss	loss_details	genetic_distance	substitution rate	findability	limit_accept	detected
S	V	1	S	3	54	57	0.9634	118.61911543140795	17.638427685537106	3.04176	V	convergent	L:1; V:2	6	A:2; D:1; I:1; L:1; V:1	2	0.032854734934892674	1.483402032256081	45.0	NOT PASS
S	V	1	A	5	22	51	0.9	103.22399875054026	18.332066413282657	3.04176	S	convergent	S:2; T:1; V:2	0		1	0.4635762398765028	0.33387883145512354	41.02100000000064	NOT PASS
A	T	3	A	4	48	30	0.395	22.172847989999998	4.2601	1.19785	T	reversion	T:4	4	E:1; G:1; M:1; T:1	1	0.14552353734997844	0.8370667570939363	21.0	NOT PASS
V	I	6	I	11	221	89	0.8503	362.2456017368537	29.418774367689693	2.28729	V	parallel	V:11	12	F:1; L:1; T:1; V:9	1	1.1353799915076244	-0.05514123650345384	75.0	NOT PASS
V	I	6	V	9	58	81	0.8708	306.9203789897721	25.883634909527142	2.28729	I	reversion	I:9	15	I:11; L:2; M:1; R:1	1	1.2553446698556	-0.09876298292075548	68.0	NOT PASS
S	S	9	N	15	45	20	0.0023	9.052282185914363	4.004800480048004	2.15742	S	parallel	S:15	2	S:2	1	0.3020541727339223	0.5199151603225315	13.0	NOT PASS
E	E	12	E	12	290	70	0.4304	188.74781936864807	14.401359864013598	8.67773	D	reversion	D:12	25	D:22; L:1; N:1; Y:1	1	0.20581904115325472	0.6865144493731252	55.0	NOT PASS
E	E	12	D	22	74	63	0.4024	226.100927773436	19.43765623437656	8.67773	E	parallel	E:22	12	E:12	1	0.24786809257166156	0.6057793752568786	53.0	NOT PASS
A	V	19	V	3	794	26	0.6607	5.123438039999999	3.5486	0.53346	A	parallel	A:3	19	A:14; H:1; I:2; L:1; S:1	1	0.20989285295974244	0.6780023492832061	11.0	NOT PASS
A	V	19	A	14	48	15	0.0005	3.41019319	0.9541	0.53346	V	reversion	V:14	3	V:3	1	0.2136553368796354	0.6702862545040362	9.0	PASS
E	N	20	E	9	33	58	0.3426	105.75658005844588	9.480748074807481	5.03342	A	convergent	A:7; D:1; P:1	9	A:2; D:3; N:2; P:2	1	0.011149946522558548	1.9527272155766657	40.0	NOT PASS
E	N	20	N	8	300	38	0.7063	36.56086688776888	11.105310531053105	5.03342	S	convergent	E:2; S:6	42	D:2; H:1; S:33; T:5; Y:1	1	0.3020541727339223	0.5199151603225315	29.013999999999214	NOT PASS
E	N	20	S	34	181	67	0.0473	87.06145071952939	12.025602560256026	5.03342	N	convergent	A:1; N:33	7	N:6; P:1	1	0.1154190741341004	0.9377224138262119	47.0	NOT PASS
E	N	20	P	10	22	8	0.0	1.062936736717976	0.8905890589058906	5.03342	A	convergent	A:7; E:2; S:1	1	E:1	1	0.040296297958720355	1.394734850880004	4.0	PASS
K	A	23	G	9	16	11	0.0014	1.71265991	0.5997	0.5293	A	parallel	A:9	0		1	0.18863622976468933	0.7243748923208367	7.0	NOT PASS
Y	Y	24	F	62	121	79	0.0102	299.9629523908486	24.824082408240823	5.08989	Y	parallel	Y:62	9	L:1; Y:8	1	0.15775949973438333	0.8020044795766805	63.0	NOT PASS
Y	Y	24	Y	8	771	37	0.3938	40.63614608285511	7.686268626862686	5.08989	F	reversion	F:8	64	F:62; L:1; S:1	1	0.40425871806935726	0.39334060551286976	26.0	NOT PASS
S	A	25	A	16	753	43	0.5742	68.99204375	16.8475	2.15792	G	convergent	G:11; S:5	21	F:4; G:10; S:7	1	0.2120648011951309	0.6735314102920344	35.0	NOT PASS
S	A	25	F	5	58	35	0.1162	6.65224039	2.2531	2.15792	A	convergent	A:4; S:1	5	L:2; S:3	2	0.017279156891684296	1.762477452032012	13.0	NOT PASS
S	A	25	S	10	45	45	0.4812	74.27729344	11.7216	2.15792	A	convergent	A:7; F:3	9	A:5; F:1; G:2; P:1	1	0.42050295394140386	0.37623094903147786	35.0	NOT PASS
S	A	25	G	12	93	25	0.3158	23.820980389999995	8.8219	2.15792	A	convergent	A:10; S:2	11	A:11	1	0.18863622976468933	0.7243748923208367	20.0	NOT PASS
A	A	26	C	8	392	23	0.3373	12.243452710000001	6.3973	3.26753	A	convergent	A:7; V:1	18	A:3; F:2; L:5; M:2; S:2; V:3; W:1	2	0.17768189633901776	0.7503568193561585	17.0	NOT PASS
A	A	26	A	6	438	55	0.8545	77.43036799000001	14.5351	3.26753	C	convergent	C:3; L:1; M:2	39	C:7; G:13; L:4; M:3; V:11; W:1	2	0.06415658741050322	1.1927587449140977	39.0	NOT PASS
A	A	26	L	11	34	61	0.2264	72.83595790999999	7.9297	3.26753	C	convergent	A:4; C:5; M:2	3	A:1; I:1; V:1	2	0.014055589975805659	1.8521509203973898	40.0	NOT PASS
A	A	26	G	14	16	34	0.4223	47.496141439999995	11.5816	3.26753	A	convergent	A:13; M:1	0		1	0.18863622976468933	0.7243748923208367	27.0	NOT PASS
A	A	26	M	7	35	23	0.1833	8.765438999999999	4.169	3.26753	A	convergent	A:3; C:2; I:1; V:1	7	A:2; G:1; I:1; L:2; V:1	2	0.08900395908358137	1.050590674592045	14.0	NOT PASS
A	A	26	V	18	33	83	0.4153	141.39751583999998	17.2304	3.26753	A	convergent	A:11; C:3; I:2; L:1; M:1	6	C:1; F:1; I:3; M:1	1	0.20989285295974244	0.6780023492832061	66.0069999999996	NOT PASS
L	L	27	M	3	12	9	0.2566	1.7740491900000002	1.7509	0.37321	L	parallel	L:3	0		1	0.7001691534692122	0.15479702635190468	6.0	NOT PASS
A	A	28	A	14	567	38	0.1936	41.974059768305736	7.8898110188981105	1.97494	G	convergent	G:13; S:1	10	G:6; S:4	1	0.2120648011951309	0.6735314102920344	28.0	NOT PASS
A	A	28	G	6	530	31	0.7263	24.531434807724107	8.97970202979702	1.97494	A	parallel	A:6	17	A:13; C:3; S:1	1	0.18863622976468933	0.7243748923208367	20.0	NOT PASS
A	A	29	C	5	48	9	0.0114	1.3458177500000001	1.2385	0.53243	A	parallel	A:5	0		2	0.17768189633901776	0.7503568193561585	5.0	NOT PASS
A	A	29	S	6	17	19	0.7174	10.495440960000002	7.3352	0.53243	A	parallel	A:6	1	A:1	1	0.42050295394140386	0.37623094903147786	16.0	NOT PASS
F	F	33	F	22	1012	42	0.0324	33.00650973188127	4.373637363736374	2.15961	L	reversion	L:22	19	L:16; M:1; S:1; T:1	1	0.2577080241120375	0.5888720588517846	29.0	NOT PASS
F	F	33	L	16	325	49	0.4868	46.610537461386905	14.657165716571658	2.15961	F	parallel	F:16	25	F:22; M:2; V:1	1	0.16033427903783823	0.794973616726059	34.0	NOT PASS
I	L	36	I	43	258	96	0.2539	337.8393139188231	32.36686331366863	2.89784	L	reversion	L:43	28	F:1; L:25; V:2	1	0.4678798114963209	0.32986569373686986	81.0	NOT PASS
I	L	36	L	25	1131	61	0.3907	109.36016163407157	21.197480251974802	2.89784	I	parallel	I:25	46	F:2; I:43; V:1	1	0.31203820508745533	0.505792228921089	46.0	NOT PASS
I	L	36	F	3	14	44	0.9003	18.43466958173696	7.167583241675833	2.89784	L	convergent	I:1; L:2	0		1	0.2577080241120375	0.5888720588517846	21.0	NOT PASS
T	T	37	T	6	552	33	0.7228	31.022539297634136	9.451645164516451	3.27364	V	convergent	A:1; F:1; L:1; V:3	19	A:6; F:1; I:1; L:2; P:1; V:8	2	0.2631033722866961	0.579873585376412	25.0	NOT PASS
T	T	37	A	16	61	53	0.5812	80.91449254936495	17.74037403740374	3.27364	V	convergent	L:2; T:6; V:8	2	T:1; V:1	1	0.2136553368796354	0.6702862545040362	40.0	NOT PASS
T	T	37	L	18	338	61	0.2198	96.62699281229254	11.457045704570458	3.27364	V	convergent	I:2; T:2; V:14	29	A:2; C:1; F:6; I:1; M:1; T:1; V:17	1	0.08369660758161548	1.0772921446165682	44.0	NOT PASS
T	T	37	I	14	31	98	0.5902	291.06487194374	20.556655665566556	3.27364	V	convergent	L:1; T:1; V:12	6	L:2; V:4	1	1.1353799915076244	-0.05514123650345384	78.0	NOT PASS
T	T	37	V	30	410	93	0.195	206.87016300389917	21.782678267826782	3.27364	L	convergent	A:1; I:4; L:17; T:8	44	A:8; F:4; I:12; L:14; M:2; R:1; T:3	1	0.1387573947076342	0.8577438630150473	73.0	NOT PASS
T	T	37	F	11	14	44	0.0848	16.953903631187202	4.6302630263026305	3.27364	L	convergent	L:6; T:1; V:4	1	T:1	1	0.2577080241120375	0.5888720588517846	20.0	NOT PASS
G	G	38	G	3	1424	13	0.0965	2.6988777499999994	0.7335	0.92319	C	reversion	C:3	6	A:3; C:3	1	0.01940001028486409	1.712198039829643	8.0	NOT PASS
G	G	38	C	3	26	10	0.0802	1.3430097500000004	0.9345	0.92319	G	parallel	G:3	5	A:2; G:3	1	0.06040145046138537	1.2189526322429016	6.0	NOT PASS
G	G	38	A	5	20	22	0.6905	7.69565344	5.9216	0.92319	G	convergent	C:2; G:3	1	S:1	1	0.2120648011951309	0.6735314102920344	15.0	NOT PASS
F	F	39	L	5	13	14	0.2338	3.3926597500000004	3.2155	0.37503	F	parallel	F:5	0		1	0.16033427903783823	0.794973616726059	8.0	NOT PASS
I	I	41	V	70	422	82	0.0064	321.81628271	31.2223	2.153	I	parallel	I:70	41	I:39; L:2	1	1.2553446698556	-0.09876298292075548	69.0	NOT PASS
I	I	41	I	39	1051	83	0.2088	259.55552975	25.1295	2.153	V	reversion	V:39	74	L:2; S:1; T:1; V:70	1	1.1353799915076244	-0.05514123650345384	69.0	NOT PASS
I	I	41	L	4	17	51	0.95	77.44125756	17.7162	2.153	I	convergent	I:2; V:2	0		1	0.31203820508745533	0.505792228921089	39.0	NOT PASS
F	F	43	S	4	28	8	0.0034	0.38023744000000004	0.3016	0.32495	F	parallel	F:4	0		1	0.02204425185746538	1.6567046357665722	3.0	NOT PASS
Y	Y	47	F	5	69	15	0.4415	4.72201431	4.3413	0.32813	Y	parallel	Y:5	0		1	0.15775949973438333	0.8020044795766805	10.0	NOT PASS
I	I	50	L	41	583	56	0.0048	77.97278660295154	17.69193080691931	2.15048	I	convergent	I:40; M:1	28	F:1; I:25; M:2	1	0.31203820508745533	0.505792228921089	39.0	NOT PASS
I	I	50	I	27	1077	82	0.3393	263.9169569694365	25.215978402159784	2.15048	L	convergent	L:25; M:1; V:1	51	F:1; L:40; M:5; V:5	1	0.4678798114963209	0.32986569373686986	70.0	NOT PASS
I	I	50	M	7	12	18	0.3799	8.301908815217867	5.895310468953105	2.15048	I	convergent	I:5; L:2	2	I:1; L:1	1	0.33001782885190184	0.4814625972044062	14.0	NOT PASS
E	E	51	Q	15	77	11	0.0	2.96946944	2.4584	2.04698	E	parallel	E:15	1	E:1	1	0.098013933391284	1.0087121818093638	7.0	PASS
P	P	58	A	16	74	39	0.0357	18.071435590000004	4.6979	2.41021	P	convergent	P:15; S:1	1	D:1	1	0.015530327382298113	1.808819389163461	26.0	NOT PASS
I	I	62	V	6	20	13	0.22	4.2117254399999995	3.9616	0.10613	I	parallel	I:6	1	I:1	1	1.2553446698556	-0.09876298292075548	10.0	NOT PASS
V	V	68	V	9	1498	19	0.0342	6.043799999999999	1.14	0.26679	I	reversion	I:9	6	I:6	1	1.2553446698556	-0.09876298292075548	13.0	NOT PASS
V	V	68	I	6	213	24	0.8488	16.75238236	9.7542	0.26679	V	parallel	V:6	9	V:9	1	1.1353799915076244	-0.05514123650345384	19.0	NOT PASS
A	A	69	G	5	37	12	0.1834	3.24115836	2.8858	0.43419	A	parallel	A:5	0		1	0.18863622976468933	0.7243748923208367	8.0	NOT PASS
A	A	69	S	7	149	17	0.4362	7.77847919	6.0991	0.43419	A	parallel	A:7	2	A:2	1	0.42050295394140386	0.37623094903147786	13.0	NOT PASS
D	D	70	D	32	1163	35	0.0007	39.12090464	5.7744	3.41385	N	reversion	N:32	35	G:3; N:32	1	0.16947541347153722	0.7708932978629041	26.0	PASS
D	D	70	N	32	541	33	0.0004	34.07628896	12.7152	3.41385	D	parallel	D:32	32	D:32	1	0.14371927160656198	0.8424849925392808	26.0	PASS
F	F	72	L	5	39	15	0.1867	3.199504	2.964	0.34553	F	parallel	F:5	2	M:2	1	0.16033427903783823	0.794973616726059	8.0	NOT PASS
F	F	75	F	3	1596	38	0.4877	32.98572262561764	4.501949805019498	2.15365	I	convergent	I:2; L:1	44	C:2; I:18; L:20; V:1; Y:3	1	0.06626775616038856	1.1786977344588423	29.0	NOT PASS
F	F	75	I	18	68	78	0.1339	80.72915434184009	9.524447555244475	2.15365	F	parallel	F:18	7	F:2; L:1; M:1; V:3	1	0.06181974977419638	1.2088727571488975	53.0	NOT PASS
F	F	75	L	21	33	53	0.1754	47.560806003191296	14.702629737026298	2.15365	F	convergent	F:20; I:1	1	F:1	1	0.16033427903783823	0.794973616726059	34.0	NOT PASS
M	M	82	M	3	1351	12	0.2494	3.5729815899999995	1.6721	1.11471	I	convergent	I:2; V:1	44	F:1; I:23; L:15; V:5	1	0.33001782885190184	0.4814625972044062	8.0	NOT PASS
M	M	82	I	32	274	51	0.025	43.595619750000004	11.3195	1.11471	M	convergent	L:2; M:23; V:7	9	L:1; M:2; T:3; V:3	1	0.0998688765353878	1.000569835647111	39.0	NOT PASS
M	M	82	V	8	54	48	0.4387	49.72795799	8.5851	1.11471	M	convergent	I:3; M:5	9	A:1; I:7; M:1	1	0.062093257458960265	1.2069555561414091	38.0	NOT PASS
M	M	82	L	16	30	40	0.5524	72.58064431	15.7087	1.11471	M	convergent	I:1; M:15	2	I:2	1	0.1413087972858956	0.8498307999788288	33.0	NOT PASS
T	T	84	T	4	1633	6	0.001	0.11569775000000002	0.0735	0.15925	S	reversion	S:4	3	S:3	1	0.4789592938900819	0.31970139512432894	2.0	NOT PASS
T	T	84	S	3	84	10	0.4519	2.60578319	2.5041	0.15925	T	parallel	T:3	4	T:4	1	0.25644626536971865	0.5910036211883356	7.0	NOT PASS
M	M	86	L	6	358	26	0.8098	19.863997509999997	9.5693	0.50903	M	parallel	M:6	10	I:1; M:8; S:1	1	0.1413087972858956	0.8498307999788288	20.0	NOT PASS
M	M	86	M	8	1335	8	0.0001	0.80225916	0.4422	0.50903	L	reversion	L:8	13	A:1; F:1; I:5; L:6	1	0.7001691534692122	0.15479702635190468	4.0	PASS
M	M	86	I	6	20	30	0.4558	10.097476	5.518	0.50903	M	convergent	L:1; M:5	0		1	0.0998688765353878	1.000569835647111	19.0	NOT PASS
N	H	87	H	8	1599	15	0.0246	4.742091210821252	2.469046904690469	3.06581	N	parallel	N:8	24	N:16; R:1; Y:7	1	0.06287345566229315	1.2015326692216028	9.0	NOT PASS
N	H	87	N	16	91	27	0.019	15.107056000129466	4.232723272327233	3.06581	H	reversion	H:16	9	H:8; S:1	1	0.04796728684266134	1.3190548456905389	18.0	NOT PASS
N	H	87	Y	7	13	23	0.0632	5.654472557966868	2.5535553555355537	3.06581	H	parallel	H:7	0		1	0.05584657904573721	1.2530034250024906	11.0	NOT PASS
V	V	91	I	11	18	26	0.3643	15.869227750000002	8.9835	0.24427	V	parallel	V:11	0		1	1.1353799915076244	-0.05514123650345384	18.0	NOT PASS
F	L	92	L	11	1268	22	0.0147	5.720639	4.669	0.56086	F	parallel	F:11	4	F:2; I:1; V:1	1	0.16033427903783823	0.794973616726059	12.0	NOT PASS
E	R	94	K	3	15	12	0.1715	1.9435939993639328	1.2733273327332733	2.83267	R	parallel	R:3	1	R:1	1	0.07979987446846847	1.0979977918283974	6.0	NOT PASS
T	L	95	L	16	1516	54	0.1236	49.41915939768795	7.290329032903291	2.15017	V	convergent	I:6; T:3; V:7	19	A:1; I:6; M:3; N:1; T:2; V:6	1	0.08369660758161548	1.0772921446165682	34.0	NOT PASS
T	L	95	I	10	60	78	0.5849	165.12654897853022	14.252725272527252	2.15017	L	convergent	L:6; V:4	13	L:6; V:7	1	0.4678798114963209	0.32986569373686986	64.0	NOT PASS
T	L	95	V	16	62	76	0.4238	113.85446033352208	15.77947794779478	2.15017	I	convergent	I:7; L:6; T:3	12	I:4; L:7; S:1	1	1.2553446698556	-0.09876298292075548	57.0	NOT PASS
I	L	99	L	41	1412	67	0.0593	140.07587070999998	21.5673	3.45934	I	convergent	I:35; M:3; V:3	52	I:25; M:11; P:1; V:15	1	0.31203820508745533	0.505792228921089	49.0	NOT PASS
I	L	99	I	27	223	103	0.6706	336.97273838999996	35.0369	3.45934	L	convergent	L:25; V:2	53	A:1; L:35; V:17	1	0.4678798114963209	0.32986569373686986	87.0	NOT PASS
I	L	99	M	11	20	29	0.3396	16.42753359	9.0129	3.45934	L	parallel	L:11	3	L:3	1	0.7001691534692122	0.15479702635190468	20.0	NOT PASS
I	L	99	V	32	58	107	0.4509	413.07600559	34.1729	3.45934	I	convergent	I:17; L:15	5	I:2; L:3	1	1.2553446698556	-0.09876298292075548	85.0	NOT PASS
G	G	101	A	9	18	18	0.0496	5.21955644	4.4934	0.69621	G	parallel	G:9	0		1	0.2120648011951309	0.6735314102920344	11.0	NOT PASS
Y	F	102	F	3	1652	19	0.6313	17.08150879	4.9239	0.57159	Y	parallel	Y:3	12	L:1; V:1; Y:10	1	0.15775949973438333	0.8020044795766805	14.0	NOT PASS
Y	F	102	Y	10	48	10	0.0001	2.8366371900000003	1.0909	0.57159	F	reversion	F:10	3	F:3	1	0.40425871806935726	0.39334060551286976	7.0	PASS
F	F	103	F	3	1683	23	0.1623	7.487332439999999	1.4234	1.08687	C	convergent	C:1; M:1; S:1	17	C:6; L:1; M:3; S:7	1	0.03950633162378877	1.4033332950340776	15.0	NOT PASS
F	F	103	C	6	12	14	0.0053	1.4948035900000003	1.3629	1.08687	F	parallel	F:6	3	F:1; S:2	1	0.1148765671330028	0.9397685509697219	5.0	NOT PASS
F	F	103	S	9	14	27	0.0156	3.9127989999999997	1.249	1.08687	F	convergent	C:2; F:7	1	F:1	1	0.02204425185746538	1.6567046357665722	13.0	NOT PASS
L	L	106	H	11	47	5	0.0	0.09894143999999999	0.0816	1.37165	L	convergent	F:1; L:10	2	Q:1; T:1	1	0.007262480611184662	2.13891501404626	1.0	PASS
L	L	106	F	6	53	20	0.5718	8.60234879	6.1239	1.37165	L	parallel	L:6	2	H:1; L:1	1	0.2577080241120375	0.5888720588517846	14.0	NOT PASS
E	E	109	E	3	1597	19	0.0861	3.9152327064732813	0.787257451490298	1.10781	Q	reversion	Q:3	10	D:1; I:3; M:2; Q:3; V:1	1	0.044923052804338504	1.3475307383627448	11.0	NOT PASS
E	E	109	Q	3	41	7	0.1979	1.5576230769258474	1.4937987597519504	1.10781	E	parallel	E:3	3	E:3	1	0.098013933391284	1.0087121818093638	5.0	NOT PASS
E	E	109	I	3	48	43	0.0192	3.2664475683694456	0.40968193638727746	1.10781	E	parallel	E:3	1	M:1	2	0.0020478011269501237	2.68871222233582	6.0	NOT PASS
E	E	109	M	4	25	7	0.0023	0.1660284147247533	0.08891778355671134	1.10781	E	convergent	E:2; I:1; V:1	0		2	5.610414046438696e-05	4.251005086792294	2.0	NOT PASS
I	I	110	M	8	335	6	0.0	0.97902111	0.9833	0.29091	I	convergent	I:7; V:1	2	I:1; V:1	1	0.33001782885190184	0.4814625972044062	4.0	PASS
G	A	111	A	9	906	49	0.9209	50.305157910000005	18.8047	3.2806	G	convergent	G:7; S:2	77	G:42; P:1; S:34	1	0.2120648011951309	0.6735314102920344	39.0	NOT PASS
G	A	111	G	43	640	30	0.0	30.21236816	5.4572	3.2806	A	convergent	A:42; S:1	16	A:7; S:9	1	0.18863622976468933	0.7243748923208367	23.0	PASS
G	A	111	S	43	170	54	0.0086	60.05557191000001	20.4947	3.2806	A	convergent	A:34; G:9	3	A:2; G:1	1	0.42050295394140386	0.37623094903147786	43.0	NOT PASS
L	L	112	M	4	18	5	0.0085	0.7970543600000001	0.8258	0.17438	L	parallel	L:4	1	V:1	1	0.7001691534692122	0.15479702635190468	4.0	NOT PASS
S	S	114	C	8	82	10	0.0004	1.49677831	1.4237	0.2917	S	parallel	S:8	0		1	0.4717709508930823	0.3262688041355422	5.0	PASS
V	V	116	A	3	15	5	0.0219	0.5888877499999998	0.5965	0.08233	V	parallel	V:3	0		1	0.2136553368796354	0.6702862545040362	3.0	NOT PASS
V	V	117	A	6	32	9	0.0097	1.8490489600000002	1.6848	0.26701	T	convergent	T:4; V:2	0		1	0.14552353734997844	0.8370667570939363	6.0	NOT PASS
A	A	119	S	4	58	10	0.242	2.5285839999999995	2.496	0.16205	A	parallel	A:4	2	A:2	1	0.42050295394140386	0.37623094903147786	7.0	NOT PASS
V	I	120	I	15	1245	85	0.7778	349.62988999	30.0749	2.15071	V	parallel	V:15	82	F:7; M:2; V:73	1	1.1353799915076244	-0.05514123650345384	73.0	NOT PASS
V	I	120	V	74	325	82	0.001	297.52046751	26.1193	2.15071	I	convergent	F:1; I:73	15	I:15	1	1.2553446698556	-0.09876298292075548	67.0	NOT PASS
V	I	120	F	7	139	27	0.2327	10.19976159	4.7721	2.15071	I	parallel	I:7	1	V:1	1	0.06626775616038856	1.1786977344588423	16.0	NOT PASS
Y	W	123	Y	9	50	20	0.0853	11.070375989999999	2.6201	2.229	W	reversion	W:9	2	W:2	2	0.01638942203315904	1.7854363613920117	14.0	NOT PASS
I	V	124	L	32	521	52	0.0487	94.14996621174268	14.763876387638764	2.24489	V	convergent	I:4; M:12; V:16	6	I:2; M:2; V:2	1	0.08369660758161548	1.0772921446165682	40.0	NOT PASS
I	V	124	I	24	143	85	0.4318	254.15597499343897	25.94049404940494	2.24489	V	convergent	L:2; M:5; V:17	10	L:4; V:6	1	1.1353799915076244	-0.05514123650345384	72.0	NOT PASS
I	V	124	V	26	615	81	0.373	306.4592701294332	24.76787678767877	2.24489	M	convergent	I:6; L:2; M:18	62	I:17; L:16; M:29	1	0.062093257458960265	1.2069555561414091	68.0	NOT PASS
I	V	124	M	31	432	20	0.0	10.366943625055576	6.491749174917492	2.24489	V	convergent	L:2; V:29	36	I:5; L:12; T:1; V:18	1	0.18557947248072712	0.7314700641160059	16.0	PASS
M	I	130	I	13	1414	40	0.0302	11.14595036	5.7658	0.53009	M	convergent	F:1; M:9; V:3	10	F:2; M:3; T:1; V:4	1	0.0998688765353878	1.000569835647111	20.0	NOT PASS
M	I	130	F	3	14	11	0.4313	2.65633471	2.3977	0.53009	I	convergent	I:2; M:1	1	I:1	1	0.06626775616038856	1.1786977344588423	7.0	NOT PASS
M	I	130	V	8	156	28	0.0737	10.297030710000001	3.8423	0.53009	I	convergent	I:4; M:4	6	I:3; M:3	1	1.2553446698556	-0.09876298292075548	19.006999999999607	NOT PASS
M	I	130	M	6	141	7	0.0025	0.8536524400000001	0.4766	0.53009	I	convergent	I:3; V:3	15	F:1; I:9; L:1; V:4	1	0.33001782885190184	0.4814625972044062	5.0	NOT PASS
S	S	131	T	7	60	20	0.5023	11.300515999999998	6.522	1.02586	S	parallel	S:7	4	A:2; S:2	1	0.4789592938900819	0.31970139512432894	15.0	NOT PASS
S	S	131	A	19	51	28	0.0474	24.14667519	10.6809	1.02586	S	convergent	S:17; T:2	1	E:1	1	0.4635762398765028	0.33387883145512354	22.0	NOT PASS
N	N	132	S	8	71	14	0.0903	5.1072103900000005	4.4031	0.46487	N	parallel	N:8	0		1	0.1154190741341004	0.9377224138262119	11.0	NOT PASS
G	G	136	G	3	1706	29	0.5742	29.405799	5.249	3.2067	S	convergent	S:2; T:1	26	S:11; T:15	1	0.18481229845285918	0.7332691317496047	23.0	NOT PASS
G	G	136	T	21	70	31	0.0226	30.305996760000003	6.0018	3.2067	G	convergent	G:15; S:6	2	G:1; S:1	2	0.0038117420194078142	2.418876500305218	24.0	NOT PASS
G	G	136	S	12	21	54	0.8917	58.24253031	20.0563	3.2067	G	convergent	G:11; T:1	10	G:2; Q:1; R:1; T:6	1	0.18846132176725944	0.7247777672971568	43.0	NOT PASS
N	N	138	N	3	1583	13	0.1167	2.3717639999999998	0.894	1.11494	D	reversion	D:3	25	D:11; E:3; I:1; K:1; Q:4; S:2; T:3	1	0.14371927160656198	0.8424849925392808	8.0	NOT PASS
N	N	138	D	11	183	15	0.0089	6.59302976	4.0968	1.11494	N	parallel	N:11	4	E:1; N:3	1	0.16947541347153722	0.7708932978629041	11.0	NOT PASS
N	N	138	T	3	16	17	0.5133	5.12713424	2.9524	1.11494	N	parallel	N:3	0		1	0.05070528578094939	1.2949467652062525	11.0	NOT PASS
I	I	141	I	4	1911	31	0.2999	32.17588319	4.0041	0.52984	V	convergent	L:1; V:3	30	F:1; L:15; M:3; T:1; V:10	1	1.1353799915076244	-0.05514123650345384	25.0	NOT PASS
I	I	141	L	15	38	20	0.0139	10.830856960000002	6.7952	0.52984	I	parallel	I:15	1	I:1	1	0.31203820508745533	0.505792228921089	15.0	NOT PASS
I	I	141	V	10	20	34	0.7776	46.69042864	14.9556	0.52984	I	parallel	I:10	3	I:3	1	1.2553446698556	-0.09876298292075548	28.0	NOT PASS
M	M	142	I	4	50	8	0.0676	1.54657296	1.5052	0.13358	M	parallel	M:4	1	M:1	1	0.0998688765353878	1.000569835647111	5.0	NOT PASS
V	L	144	V	12	849	32	0.1203	30.761240389999998	3.8781	0.53592	L	reversion	L:12	15	L:15	1	0.1387573947076342	0.8577438630150473	24.0	NOT PASS
V	L	144	L	15	1130	21	0.0018	6.755951000000001	3.607	0.53592	V	parallel	V:15	13	V:12; W:1	1	0.08369660758161548	1.0772921446165682	12.006999999999607	NOT PASS
V	A	145	V	36	378	110	0.4291	462.94133564	36.2794	5.00375	A	convergent	A:33; I:3	22	A:12; C:1; F:1; I:5; L:1; T:2	1	0.20989285295974244	0.6780023492832061	94.0	NOT PASS
V	A	145	A	28	1236	66	0.1651	99.89927483999999	17.6254	5.00375	G	convergent	G:12; S:3; T:1; V:12	110	C:1; G:41; P:2; S:26; T:7; V:33	1	0.2120648011951309	0.6735314102920344	47.0	NOT PASS
V	A	145	G	43	189	39	0.0	58.54607696	8.2452	5.00375	A	convergent	A:41; S:2	15	A:12; S:1; T:2	1	0.18863622976468933	0.7243748923208367	30.0	PASS
V	A	145	S	28	118	72	0.2858	214.35619199	19.5401	5.00375	A	convergent	A:26; G:1; T:1	7	A:3; G:2; T:2	1	0.42050295394140386	0.37623094903147786	57.0	NOT PASS
V	A	145	I	5	18	119	0.9576	603.5763969600001	39.4452	5.00375	V	parallel	V:5	3	V:3	1	1.1353799915076244	-0.05514123650345384	101.0	NOT PASS
V	A	145	T	13	21	46	0.5599	41.32233775	13.7535	5.00375	A	convergent	A:7; G:2; S:2; V:2	2	A:1; S:1	1	0.24653770644323897	0.6081166486062841	31.0	NOT PASS
F	F	146	F	8	1643	54	0.434	77.85851959	9.2821	3.66096	L	convergent	C:1; L:6; V:1	71	A:2; C:16; L:33; M:4; S:3; T:1; V:8; W:3; Y:1	1	0.2577080241120375	0.5888720588517846	43.0	NOT PASS
F	F	146	V	9	47	98	0.6046	185.37531984	14.3996	3.66096	F	convergent	C:1; F:8	3	F:1; I:1; T:1	1	0.04080240405915952	1.389314247722167	72.0	NOT PASS
F	F	146	C	17	38	20	0.0015	6.132463960000001	4.0902	3.66096	F	convergent	A:1; F:16	8	F:1; L:1; S:2; T:1; V:1; W:2	1	0.1148765671330028	0.9397685509697219	13.0	NOT PASS
F	F	146	L	34	195	65	0.1067	104.31154830999999	21.7487	3.66096	F	convergent	C:1; F:33	13	F:6; M:5; T:2	1	0.16033427903783823	0.794973616726059	49.0	NOT PASS
F	F	146	T	8	13	33	0.1767	18.277471000000002	4.427	3.66096	L	convergent	A:1; C:1; F:1; L:2; S:2; V:1	4	A:3; S:1	2	0.055018792508974707	1.25948894525211	21.0	NOT PASS
F	F	146	M	9	16	26	0.2969	14.967789750000001	6.9145	3.66096	L	convergent	F:4; L:5	0		1	0.7001691534692122	0.15479702635190468	19.0	NOT PASS
T	T	147	T	3	1855	16	0.2636	5.408765759999999	1.8368	0.97595	S	convergent	A:1; S:2	29	A:4; C:3; S:22	1	0.4789592938900819	0.31970139512432894	10.0	NOT PASS
T	T	147	S	27	69	31	0.0007	30.99406631	11.3213	0.97595	T	convergent	A:3; C:2; T:22	3	A:1; T:2	1	0.25644626536971865	0.5910036211883356	23.0	PASS
T	T	147	C	3	15	12	0.2893	2.5579369600000006	1.9048	0.97595	T	parallel	T:3	2	S:2	2	0.07659133544735706	1.1158203580467654	7.0	NOT PASS
T	T	147	A	5	41	23	0.7771	12.950837909999999	7.2703	0.97595	T	convergent	S:1; T:4	4	S:3; T:1	1	0.14552353734997844	0.8370667570939363	17.0	NOT PASS
I	V	149	V	69	856	136	0.2284	535.9828155770564	51.0947905209479	8.68038	I	convergent	A:1; F:4; I:46; L:14; M:2; T:2	107	A:6; C:2; F:21; I:45; L:23; M:5; T:5	1	1.2553446698556	-0.09876298292075548	110.0	NOT PASS
I	V	149	T	21	76	55	0.396	59.28246337450047	18.62973702629737	8.68038	L	convergent	A:1; C:1; F:3; I:3; L:7; M:1; V:5	7	A:1; F:1; I:2; L:1; V:2	2	0.055018792508974707	1.25948894525211	39.0	NOT PASS
I	V	149	I	80	515	135	0.1714	667.9840614278739	55.53694630536946	8.68038	V	convergent	F:3; L:29; M:1; T:2; V:45	91	A:1; F:13; L:24; M:4; T:3; V:46	1	1.1353799915076244	-0.05514123650345384	117.0	NOT PASS
I	V	149	L	60	312	100	0.1148	294.5991186702748	38.37176282371763	8.68038	I	convergent	F:12; I:24; T:1; V:23	71	C:1; F:17; I:29; M:3; T:7; V:14	1	0.31203820508745533	0.505792228921089	77.0	NOT PASS
I	V	149	F	54	212	83	0.0089	97.0047060087512	19.16028397160284	8.68038	V	convergent	A:1; C:1; I:13; L:17; T:1; V:21	25	A:1; C:1; I:3; L:12; M:1; T:3; V:4	1	0.039558428325648556	1.4027609714494134	57.0	NOT PASS
I	V	149	M	13	15	44	0.6668	45.113829083045104	15.681331866813318	8.68038	V	convergent	F:1; I:4; L:3; V:5	4	I:1; T:1; V:2	1	0.18557947248072712	0.7314700641160059	32.0	NOT PASS
M	M	150	G	12	71	8	0.0	0.7619677499999999	0.6115	0.48372	A	convergent	A:6; M:6	3	A:3	1	0.18863622976468933	0.7243748923208367	4.0	PASS
M	M	150	A	10	137	14	0.0009	1.8766667899999996	1.4389	0.48372	M	convergent	G:3; M:7	7	G:6; M:1	2	0.030313768394664077	1.5183600718382781	6.0	NOT PASS
A	A	151	G	3	13	6	0.0264	0.63905936	0.6508	0.0874	A	parallel	A:3	0		1	0.18863622976468933	0.7243748923208367	3.0	NOT PASS
N	S	152	C	57	625	35	0.0	30.74115423204665	9.593518703740749	8.68038	S	convergent	A:5; L:2; N:1; S:49	123	A:17; F:1; G:1; L:27; M:2; N:2; S:71; T:1; V:1	1	0.4717709508930823	0.3262688041355422	25.0	PASS
N	S	152	S	86	781	86	0.0001	275.696433985737	34.62352470494099	8.68038	C	convergent	A:11; C:71; N:3; T:1	133	A:49; C:49; G:4; L:16; M:1; N:13; T:1	1	0.15451731492665413	0.8110228472698359	72.0	PASS
N	S	152	A	68	159	78	0.002	236.93992242137168	25.251750350070015	8.68038	S	convergent	C:17; M:1; S:49; V:1	22	C:5; G:1; L:2; M:2; N:1; S:11	1	0.4635762398765028	0.33387883145512354	62.0	NOT PASS
N	S	152	N	16	89	45	0.2322	54.867374034919	11.533906781356272	8.68038	S	convergent	A:1; C:2; S:13	6	C:1; L:2; S:3	1	0.3020541727339223	0.5199151603225315	36.0	NOT PASS
N	S	152	M	10	18	37	0.3009	34.729934474592454	7.666033206641329	8.68038	L	convergent	A:2; C:2; L:5; S:1	8	A:1; L:7	1	0.7001691534692122	0.15479702635190468	26.0	NOT PASS
N	S	152	L	54	311	84	0.0315	222.88251890226013	16.57621524304861	8.68038	C	convergent	A:2; C:27; M:7; N:2; S:16	9	C:2; I:2; M:5	2	0.014055589975805659	1.8521509203973898	65.0	NOT PASS
A	A	153	S	49	654	46	0.0	93.15337499999998	19.055	2.1523	A	convergent	A:43; T:6	27	A:9; T:18	1	0.42050295394140386	0.37623094903147786	39.0	PASS
A	A	153	A	10	1279	40	0.3912	52.61325775	9.2815	2.1523	S	convergent	S:9; T:1	54	G:2; S:43; T:9	1	0.4635762398765028	0.33387883145512354	31.0	NOT PASS
A	A	153	T	27	86	28	0.0007	20.289584	9.096	2.1523	S	convergent	A:9; S:18	7	A:1; S:6	1	0.4789592938900819	0.31970139512432894	21.0	PASS
A	A	155	A	7	1807	27	0.1856	16.11828191	3.4697	1.12491	S	reversion	S:7	41	C:9; S:30; T:2	1	0.4635762398765028	0.33387883145512354	18.0	NOT PASS
A	A	155	S	30	136	29	0.0	33.5684	12.84	1.12491	A	parallel	A:30	10	A:7; C:3	1	0.42050295394140386	0.37623094903147786	25.0	PASS
A	A	155	C	12	16	14	0.0009	3.3423905599999997	2.5788	1.12491	A	convergent	A:9; S:3	0		2	0.17768189633901776	0.7503568193561585	9.0	NOT PASS
A	A	155	T	4	41	20	0.7217	7.651559000000001	5.229	1.12491	A	convergent	A:2; V:2	1	V:1	1	0.24653770644323897	0.6081166486062841	13.0	NOT PASS
A	V	156	V	8	1721	51	0.3744	21.566873559999998	6.8738	1.11339	A	convergent	A:7; F:1	40	A:28; E:1; F:1; G:4; I:6	1	0.20989285295974244	0.6780023492832061	30.0	NOT PASS
A	V	156	A	30	218	26	0.0	16.46923804	3.4514	1.11339	V	convergent	F:1; M:1; V:28	12	G:4; M:1; V:7	1	0.2136553368796354	0.6702862545040362	18.0	PASS
A	V	156	G	8	34	18	0.3319	11.28613376	5.9568	1.11339	A	convergent	A:4; V:4	0		1	0.18863622976468933	0.7243748923208367	14.0	NOT PASS
F	V	160	V	25	1665	69	0.0451	72.92947910652651	7.18951895189519	2.15049	F	convergent	F:19; I:1; L:5	59	A:3; F:11; I:11; L:32; M:2	1	0.04080240405915952	1.389314247722167	51.0	NOT PASS
F	V	160	F	13	177	38	0.088	33.253443156096786	4.5534553455345534	2.15049	V	convergent	L:2; V:11	27	L:8; V:19	1	0.039558428325648556	1.4027609714494134	29.0	NOT PASS
F	V	160	L	43	149	51	0.001	47.90519664027609	14.476147614761476	2.15049	V	convergent	F:8; I:3; V:32	8	F:2; I:1; V:5	1	0.08369660758161548	1.0772921446165682	34.0	NOT PASS
F	V	160	I	12	22	73	0.2456	81.0130741246942	9.542454245424542	2.15049	V	convergent	L:1; V:11	4	L:3; V:1	1	1.1353799915076244	-0.05514123650345384	53.0	NOT PASS
M	M	170	L	10	38	15	0.0392	5.907119750000001	4.9805	0.22773	M	parallel	M:10	0		1	0.1413087972858956	0.8498307999788288	11.0	NOT PASS
C	C	172	V	8	25	15	0.0028	1.6422151100000002	1.3933	0.25197	C	parallel	C:8	1	G:1	2	0.05739954499332361	1.2410915502443958	5.0	NOT PASS
S	S	173	A	8	28	13	0.0353	3.981417240000001	3.6174	0.27036	S	parallel	S:8	1	G:1	1	0.4635762398765028	0.33387883145512354	9.0	NOT PASS
I	V	176	V	23	1483	55	0.5653	160.17855356	23.4262	1.11467	I	parallel	I:23	41	I:41	1	1.2553446698556	-0.09876298292075548	47.0	NOT PASS
I	V	176	I	41	538	60	0.0256	123.39694375000002	11.9325	1.11467	V	reversion	V:41	24	M:1; V:23	1	1.1353799915076244	-0.05514123650345384	45.00699999999961	NOT PASS
K	A	182	A	6	1862	13	0.0108	0.92521479	0.2211	0.54432	V	convergent	K:1; T:1; V:4	14	N:1; T:4; V:9	1	0.2136553368796354	0.6702862545040362	7.0	NOT PASS
K	A	182	V	10	119	25	0.001	0.6855614400000001	0.2316	0.54432	A	convergent	A:9; T:1	6	A:4; T:2	1	0.20989285295974244	0.6780023492832061	3.0	NOT PASS
K	A	182	T	6	23	11	0.0031	0.829	0.64	0.54432	A	convergent	A:4; V:2	2	A:1; V:1	1	0.24653770644323897	0.6081166486062841	4.0	NOT PASS
P	E	183	E	8	1629	21	0.0012	0.71619856	0.5012	2.15658	P	parallel	P:8	12	A:4; D:1; K:1; P:6	2	0.005176775794099372	2.2859406438831233	4.0	NOT PASS
P	E	183	P	6	396	6	0.0001	0.155536	0.108	2.15658	E	reversion	E:6	12	A:3; E:8; K:1	2	0.005778726467831856	2.238167862087123	2.0	PASS
P	E	183	A	7	13	32	0.1247	13.966455960000003	4.1102	2.15658	E	convergent	E:4; P:3	0		1	0.004796904009705084	2.319038972064122	22.0	NOT PASS
E	G	184	G	4	2004	13	0.0138	0.9448399599999999	0.8498	0.75038	D	convergent	D:2; E:1; N:1	3	D:1; E:1; V:1	1	0.0060562415912003426	2.2177968086017046	4.0	NOT PASS
V	F	185	Y	18	305	22	0.0001	2.2894892192612555	0.7071292870712929	2.15634	F	convergent	F:11; I:2; V:5	8	F:5; I:2; V:1	1	0.40425871806935726	0.39334060551286976	10.0	PASS
V	F	185	F	8	1407	39	0.1424	9.633393504965072	4.4741525847415256	2.15634	Y	convergent	I:1; V:2; Y:5	22	I:5; L:2; S:2; V:2; Y:11	1	0.15775949973438333	0.8020044795766805	15.0	NOT PASS
V	F	185	V	10	237	81	0.8236	249.55532377969087	23.27787221277872	2.15634	I	convergent	F:2; I:7; Y:1	27	F:2; I:18; L:1; T:1; Y:5	1	1.2553446698556	-0.09876298292075548	64.0	NOT PASS
V	F	185	I	25	82	87	0.5912	375.657289425542	33.27917208279172	2.15634	V	convergent	F:5; V:18; Y:2	10	F:1; V:7; Y:2	1	1.1353799915076244	-0.05514123650345384	74.0	NOT PASS
E	E	188	D	16	23	20	0.0112	12.210643160000002	7.6678	1.28106	E	parallel	E:16	0		1	0.24786809257166156	0.6057793752568786	16.0	NOT PASS
S	S	189	T	16	26	12	0.0	4.13421564	3.5706	0.46614	S	parallel	S:16	0		1	0.4789592938900819	0.31970139512432894	9.0	PASS
F	F	190	Y	9	15	9	0.0001	2.02539164	1.9094	0.37518	F	parallel	F:9	1	F:1	1	0.40425871806935726	0.39334060551286976	6.0	PASS
I	I	192	I	38	1571	82	0.2137	257.93483711	24.9017	2.15107	V	convergent	L:1; V:37	100	L:6; M:7; V:87	1	1.1353799915076244	-0.05514123650345384	69.0	NOT PASS
I	I	192	V	87	437	81	0.0	320.16821975	31.2805	2.15107	I	parallel	I:87	39	I:37; L:1; M:1	1	1.2553446698556	-0.09876298292075548	69.0	PASS
I	I	192	L	8	25	51	0.846	78.89679600000001	17.698	2.15107	I	convergent	I:6; M:1; V:1	1	I:1	1	0.31203820508745533	0.505792228921089	39.0	NOT PASS
I	I	196	L	16	221	80	0.7947	194.05088305610238	28.712371237123712	5.07437	I	convergent	C:1; I:10; T:1; V:4	9	C:2; I:3; S:1; T:2; V:1	1	0.31203820508745533	0.505792228921089	61.0	NOT PASS
I	I	196	V	78	445	118	0.0873	479.8498155846188	42.6993699369937	5.07437	I	convergent	A:1; C:3; I:58; L:1; T:15	77	A:2; C:7; G:1; I:31; L:4; S:6; T:26	1	1.2553446698556	-0.09876298292075548	99.0	NOT PASS
I	I	196	C	21	89	28	0.0016	11.627486801085348	5.967196719671967	5.07437	V	convergent	A:1; F:1; I:5; L:2; T:5; V:7	18	A:1; I:1; L:1; S:9; T:3; V:3	2	0.16181786620458252	0.7909735299072866	18.0	NOT PASS
I	I	196	T	67	383	42	0.0	35.06594979930036	12.728772877287728	5.07437	I	convergent	A:3; C:3; F:1; I:30; L:2; S:2; V:26	54	A:1; C:5; I:10; L:1; S:22; V:15	1	0.16313756583005956	0.7874460220733575	29.0	PASS
I	I	196	S	38	84	75	0.0791	151.85515635271898	14.672067206720673	5.07437	T	convergent	C:9; L:1; T:22; V:6	3	A:1; T:2	1	0.25644626536971865	0.5910036211883356	54.0	NOT PASS
I	I	196	I	45	791	121	0.4736	493.9277782763775	44.62566256625662	5.07437	V	convergent	C:1; L:3; T:10; V:31	107	A:2; C:5; F:1; L:10; M:1; T:30; V:58	1	1.1353799915076244	-0.05514123650345384	102.0	NOT PASS
I	I	196	A	7	18	59	0.8402	80.96639945022605	15.164316431643165	5.07437	I	convergent	C:1; I:2; S:1; T:1; V:2	6	C:1; G:1; T:3; V:1	2	0.024364224856311192	1.6132474010683118	44.0	NOT PASS
V	C	197	V	18	805	29	0.0468	29.19340991	3.7753	0.52884	C	convergent	C:16; L:2	8	C:6; L:2	2	0.05739954499332361	1.2410915502443958	23.0	NOT PASS
V	C	197	C	6	1226	9	0.0005	0.9097035099999999	0.8593	0.52884	V	parallel	V:6	18	F:1; L:1; V:16	2	0.16181786620458252	0.7909735299072866	4.0	PASS
T	L	200	L	80	676	100	0.0018	305.0783072506671	27.785978597859785	8.68038	C	convergent	C:32; F:3; I:9; M:17; S:4; T:15	59	C:2; F:6; I:8; M:18; S:8; T:4; V:12; W:1	2	0.014055589975805659	1.8521509203973898	72.0	NOT PASS
T	L	200	C	10	468	42	0.6009	27.28541621038792	11.361836183618362	8.68038	S	convergent	L:2; S:4; T:1; V:3	64	A:1; I:3; L:32; M:9; S:5; T:8; V:5; Y:1	1	0.4717709508930823	0.3262688041355422	26.0	NOT PASS
T	L	200	I	37	159	147	0.4867	680.5874759293112	40.45354535453546	8.68038	T	convergent	C:3; F:1; L:8; M:7; S:3; T:14; V:1	26	F:3; L:9; M:4; T:5; V:3; W:2	1	0.08555906467310291	1.0677339717574812	110.0	NOT PASS
T	L	200	T	38	176	51	0.0253	72.6169686275558	20.174917491749174	8.68038	S	convergent	A:2; C:8; F:2; I:5; L:4; M:1; S:16	68	A:1; C:1; F:2; I:14; L:15; M:14; P:1; S:18; V:1; W:1	1	0.4789592938900819	0.31970139512432894	42.0	NOT PASS
T	L	200	M	53	205	39	0.0	43.2353057087887	11.963696369636963	8.68038	L	convergent	C:9; I:4; L:18; S:7; T:14; W:1	37	A:5; F:2; I:7; L:17; S:4; T:1; V:1	1	0.7001691534692122	0.15479702635190468	30.0	PASS
T	L	200	S	36	177	86	0.4879	307.3547792222967	35.41674167416742	8.68038	T	convergent	A:1; C:5; L:8; M:4; T:18	43	A:8; C:4; F:1; I:3; L:4; M:7; T:16	1	0.25644626536971865	0.5910036211883356	76.0	NOT PASS
T	L	200	V	22	39	130	0.7735	506.02668601693654	39.74677467746775	8.68038	L	convergent	C:5; I:3; L:12; M:1; T:1	5	C:3; F:1; I:1	1	0.1387573947076342	0.8577438630150473	104.0	NOT PASS
T	L	200	A	15	25	84	0.8573	203.53211830834047	30.79157915791579	8.68038	S	convergent	C:1; M:5; S:8; T:1	3	S:1; T:2	1	0.4635762398765028	0.33387883145512354	64.0	NOT PASS
T	L	200	F	15	82	80	0.4014	89.38316479912818	14.138113811381139	8.68038	L	convergent	I:3; L:6; M:2; S:1; T:2; V:1	7	I:1; L:3; T:2; W:1	1	0.2577080241120375	0.5888720588517846	51.0	NOT PASS
T	L	200	W	5	31	8	0.013	1.3233376943054842	1.0632063206320632	8.68038	I	convergent	F:1; I:2; L:1; T:1	1	M:1	3	0.007118463286331883	2.1476137505061033	5.0	NOT PASS
I	I	201	I	25	1605	97	0.6224	334.4174347227702	32.74287428742874	2.99518	V	convergent	T:12; V:13	89	A:2; C:2; F:5; G:3; L:8; M:5; T:35; V:29	1	1.1353799915076244	-0.05514123650345384	82.0	NOT PASS
I	I	201	T	42	258	31	0.0	18.380276551507535	8.234023402340235	2.99518	I	convergent	I:35; V:7	30	A:11; G:1; I:12; L:2; V:4	1	0.16313756583005956	0.7874460220733575	20.0	PASS
I	I	201	V	34	114	96	0.4445	388.0350780552603	35.12011201120112	2.99518	I	convergent	I:29; L:1; T:4	26	A:3; C:1; F:2; I:13; T:7	1	1.2553446698556	-0.09876298292075548	82.0	NOT PASS
I	I	201	A	16	17	42	0.1306	36.50761495791543	8.851885188518851	2.99518	T	convergent	I:2; T:11; V:3	1	G:1	1	0.14552353734997844	0.8370667570939363	30.0	NOT PASS
I	I	201	L	10	20	58	0.8317	112.51231819851651	21.14911491149115	2.99518	I	convergent	I:8; T:2	1	V:1	1	0.31203820508745533	0.505792228921089	47.0	NOT PASS
F	L	203	F	17	319	39	0.0545	35.12901275994347	5.534106821364273	2.26477	L	convergent	I:2; L:12; M:3	8	L:6; M:2	1	0.2577080241120375	0.5888720588517846	29.0	NOT PASS
F	L	203	L	12	1507	57	0.6487	60.04010280951969	14.222744548909782	2.26477	F	convergent	F:6; I:2; M:4	57	C:1; F:12; I:10; M:30; T:3; V:1	1	0.16033427903783823	0.794973616726059	37.0	NOT PASS
F	L	203	M	33	171	20	0.0	10.207485275810912	4.928885777155431	2.26477	L	convergent	F:2; I:1; L:30	10	F:3; I:3; L:4	1	0.7001691534692122	0.15479702635190468	15.0	PASS
F	L	203	I	13	32	78	0.342	103.37835285600829	11.912682536507301	2.26477	L	convergent	L:10; M:3	6	F:2; L:2; M:1; V:1	1	0.4678798114963209	0.32986569373686986	55.0	NOT PASS
V	T	204	C	18	148	33	0.0729	21.334431192894268	9.998499849984999	8.68038	T	convergent	A:1; I:3; T:12; V:2	25	A:1; F:1; G:1; I:2; M:1; S:7; V:12	2	0.07659133544735706	1.1158203580467654	24.0	NOT PASS
V	T	204	I	100	435	154	0.0393	698.7049426814868	53.405640564056405	8.68038	T	convergent	A:1; C:2; F:8; L:1; M:1; T:44; V:43	102	A:7; C:3; F:23; M:3; S:1; T:20; V:45	1	0.08555906467310291	1.0677339717574812	115.0	NOT PASS
V	T	204	T	48	735	50	0.0004	62.26558493433102	18.9007900790079	8.68038	I	convergent	A:4; F:8; I:20; M:2; V:14	156	A:31; C:12; F:17; I:44; L:3; M:3; S:10; V:36	1	0.16313756583005956	0.7874460220733575	40.0	PASS
V	T	204	S	19	65	86	0.5971	274.4172712700813	27.267726772677268	8.68038	T	convergent	C:7; I:1; T:10; V:1	1	L:1	1	0.25644626536971865	0.5910036211883356	71.0	NOT PASS
V	T	204	M	13	34	40	0.627	46.596064006840734	15.074807480748074	8.68038	I	convergent	A:2; C:1; F:2; I:3; L:1; T:3; V:1	7	A:1; I:1; L:2; T:2; V:1	1	0.33001782885190184	0.4814625972044062	32.0	NOT PASS
V	T	204	A	46	76	73	0.0844	164.86721653463476	25.354235423542356	8.68038	T	convergent	C:1; F:1; I:7; M:1; T:31; V:5	10	C:1; F:1; I:1; M:2; T:4; V:1	1	0.14552353734997844	0.8370667570939363	60.0	NOT PASS
V	T	204	V	100	286	128	0.0225	551.8503791773318	48.95869586958696	8.68038	I	convergent	A:1; C:12; F:4; I:45; L:1; M:1; T:36	76	A:5; C:2; F:10; I:43; M:1; S:1; T:14	1	1.2553446698556	-0.09876298292075548	110.0	NOT PASS
V	T	204	L	10	15	97	0.9404	309.40770358664025	36.54015401540154	8.68038	F	convergent	F:4; M:2; S:1; T:3	4	F:1; I:1; M:1; V:1	1	0.16033427903783823	0.794973616726059	76.0	NOT PASS
V	T	204	F	53	236	76	0.0093	98.14707473347595	18.27082708270827	8.68038	I	convergent	A:1; C:1; I:23; L:1; T:17; V:10	27	A:1; I:8; L:4; M:2; T:8; V:4	1	0.06626775616038856	1.1786977344588423	55.0	NOT PASS
V	V	205	V	57	1375	99	0.1493	365.17516959	32.4071	3.27796	I	convergent	I:53; T:4	141	A:1; I:131; T:9	1	1.2553446698556	-0.09876298292075548	81.0069999999996	NOT PASS
V	V	205	I	132	596	106	0.0	457.234999	37.899	3.27796	V	convergent	L:1; V:131	56	L:1; T:2; V:53	1	1.1353799915076244	-0.05514123650345384	90.0	PASS
V	V	205	T	11	61	30	0.4097	22.222784639999997	9.6744	3.27796	V	convergent	I:2; V:9	4	V:4	2	0.2631033722866961	0.579873585376412	23.0	NOT PASS
I	I	206	I	31	1035	34	0.0007	35.3996468953826	4.1749174917491745	0.53107	V	reversion	V:31	10	M:2; V:8	1	1.1353799915076244	-0.05514123650345384	25.0	PASS
I	I	206	V	8	1002	37	0.8108	48.88652017516983	14.870887088708871	0.53107	I	parallel	I:8	33	I:31; M:2	1	1.2553446698556	-0.09876298292075548	29.0	NOT PASS
F	F	207	F	9	1780	43	0.1529	31.874806922636456	4.388838883888389	2.15227	S	convergent	G:1; S:6; T:2	23	A:2; G:7; L:4; S:9; T:1	1	0.023146464450338647	1.6355153366966342	29.0	NOT PASS
F	F	207	S	18	125	38	0.0256	18.037016923014434	3.108110811081108	2.15227	F	convergent	A:1; F:9; T:8	20	A:2; C:2; F:6; T:10	1	0.02204425185746538	1.6567046357665722	26.0	NOT PASS
F	F	207	T	11	47	24	0.0209	6.8378864489109175	2.0223022302230222	2.15227	S	convergent	F:1; S:10	11	F:2; L:1; S:8	1	0.4789592938900819	0.31970139512432894	14.0	NOT PASS
F	F	207	G	7	71	22	0.0284	3.7599309885984096	0.9558955895589559	2.15227	F	parallel	F:7	3	A:1; C:1; F:1	2	0.003970703750723577	2.401132513899466	12.0	NOT PASS
V	L	214	V	4	619	24	0.1268	8.99836976	1.5532	0.31497	L	reversion	L:4	8	L:8	1	0.1387573947076342	0.8577438630150473	15.0	NOT PASS
V	L	214	L	8	1423	12	0.0081	2.64894359	1.9371	0.31497	V	parallel	V:8	5	M:1; V:4	1	0.08369660758161548	1.0772921446165682	8.0	NOT PASS
T	A	216	T	3	595	8	0.0194	0.40143100000000015	0.213	0.29256	A	reversion	A:3	8	A:8	1	0.24653770644323897	0.6081166486062841	3.0	NOT PASS
T	A	216	A	8	1446	11	0.0046	2.65677216	2.4528	0.29256	T	parallel	T:8	5	T:3; V:2	1	0.14552353734997844	0.8370667570939363	7.0	NOT PASS
E	E	219	D	10	66	25	0.5043	17.595574398924043	9.207820782078208	1.62073	E	parallel	E:10	0		1	0.24786809257166156	0.6057793752568786	19.0	NOT PASS
E	E	219	A	7	26	31	0.0349	5.965035527455136	1.3152315231523153	1.62073	E	parallel	E:7	2	E:1; V:1	1	0.004796904009705084	2.319038972064122	15.0	NOT PASS
Q	A	223	A	6	1447	9	0.001	0.15450364	0.0806	0.2757	Q	convergent	L:1; Q:5	1	G:1	2	0.0009385755165188069	3.027530778889201	2.0	NOT PASS
T	T	229	S	9	12	13	0.0168	4.07192976	3.6532	0.24207	T	parallel	T:9	0		1	0.25644626536971865	0.5910036211883356	10.0	NOT PASS
R	R	235	K	11	93	9	0.0	2.29173184	2.2104	2.41962	R	parallel	R:11	0		1	0.07979987446846847	1.0979977918283974	7.0	PASS
T	T	238	S	53	219	31	0.0	38.85756168376114	12.195519551955195	1.11473	T	parallel	T:53	2	T:2	1	0.25644626536971865	0.5910036211883356	25.0	PASS
V	V	241	C	3	44	3	0.0006	0.15329884	0.1546	0.08223	V	parallel	V:3	0		2	0.16181786620458252	0.7909735299072866	2.0	PASS
V	V	242	V	49	1187	80	0.1631	300.52095484	26.9746	2.15074	I	reversion	I:49	93	I:93	1	1.2553446698556	-0.09876298292075548	67.0	NOT PASS
V	V	242	I	93	856	87	0.0	335.95461718999996	29.0091	2.15074	V	parallel	V:93	49	V:49	1	1.1353799915076244	-0.05514123650345384	72.0	PASS
L	I	243	L	53	528	54	0.0001	88.3517329230673	10.998499849984999	2.15067	I	convergent	A:1; I:52	23	I:15; M:7; V:1	1	0.31203820508745533	0.505792228921089	39.0	PASS
L	I	243	I	17	1301	76	0.6877	131.94659321917788	21.66786678667867	2.15067	L	convergent	L:15; M:2	71	L:52; M:16; N:1; V:2	1	0.4678798114963209	0.32986569373686986	63.0	NOT PASS
L	I	243	M	23	203	20	0.0	10.716898172465513	7.138113811381138	2.15067	I	convergent	I:16; L:7	3	A:1; I:2	1	0.33001782885190184	0.4814625972044062	16.0	PASS
V	V	245	G	3	270	10	0.0258	0.6785323899999999	0.4069	0.517	V	parallel	V:3	0		1	0.01573044884761528	1.803258885179546	4.0	NOT PASS
V	V	245	F	6	62	11	0.0021	1.0155647600000002	0.8718	0.517	V	parallel	V:6	0		1	0.039558428325648556	1.4027609714494134	4.0	NOT PASS
V	V	245	I	5	27	39	0.8856	55.372604390000006	15.9669	0.517	V	parallel	V:5	2	V:2	1	1.1353799915076244	-0.05514123650345384	31.0	NOT PASS
I	I	246	F	23	351	35	0.0019	11.544888922335579	5.295929592959296	2.15209	I	convergent	I:21; V:2	2	I:1; V:1	1	0.06626775616038856	1.1786977344588423	16.0	NOT PASS
I	I	246	I	26	1415	82	0.3601	258.8495998114663	25.145214521452147	2.15209	V	convergent	F:1; V:25	96	A:4; C:1; F:21; L:4; M:1; V:65	1	1.1353799915076244	-0.05514123650345384	69.0	NOT PASS
I	I	246	V	68	238	80	0.0102	320.7856796680768	31.25962596259626	2.15209	I	convergent	C:2; F:1; I:65	32	A:1; C:1; F:2; G:1; I:25; L:1; M:1	1	1.2553446698556	-0.09876298292075548	69.0	NOT PASS
I	I	246	C	3	12	14	0.3955	3.32060604800354	2.3282328232823284	2.15209	I	convergent	I:1; L:1; V:1	2	V:2	2	0.03581247508999958	1.4459656627696376	8.0	NOT PASS
I	I	246	L	6	12	58	0.8987	78.58714892391329	17.76017601760176	2.15209	I	convergent	I:4; M:1; V:1	1	C:1	1	0.31203820508745533	0.505792228921089	39.0	NOT PASS
S	A	247	A	21	1232	47	0.3888	75.86612701593555	17.3984601539846	2.34186	S	convergent	G:9; S:12	57	F:2; G:40; S:15	1	0.4635762398765028	0.33387883145512354	36.0	NOT PASS
S	A	247	G	44	491	28	0.0	26.88551220870314	9.173482651734826	2.34186	A	convergent	A:40; S:4	12	A:9; S:3	1	0.18863622976468933	0.7243748923208367	21.0	PASS
S	A	247	S	18	321	48	0.2954	82.0855074976454	12.978002199780022	2.34186	A	convergent	A:15; G:3	16	A:12; G:4	1	0.42050295394140386	0.37623094903147786	37.0	NOT PASS
Y	F	248	Y	20	364	16	0.0	4.923184027573673	1.3214321432143215	1.06976	F	reversion	F:20	4	F:4	1	0.40425871806935726	0.39334060551286976	10.0	PASS
Y	F	248	F	4	1683	28	0.7922	36.837581948013785	10.422042204220421	1.06976	Y	parallel	Y:4	20	Y:20	1	0.15775949973438333	0.8020044795766805	23.0	NOT PASS
L	L	249	I	7	15	34	0.4886	13.359736790000001	6.7889	0.64549	L	convergent	L:6; M:1	2	L:1; V:1	1	0.4678798114963209	0.32986569373686986	23.0	NOT PASS
V	V	250	V	35	1410	95	0.3814	361.25840879	32.5489	3.19577	I	convergent	I:34; M:1	118	A:5; F:4; I:97; L:1; M:6; S:2; T:3	1	1.2553446698556	-0.09876298292075548	80.0	NOT PASS
V	V	250	I	102	516	107	0.0003	443.67550384	37.6204	3.19577	V	convergent	F:1; M:3; T:1; V:97	42	M:1; N:1; T:6; V:34	1	1.1353799915076244	-0.05514123650345384	88.0	PASS
V	V	250	M	8	42	23	0.4756	13.204207910000001	7.5547	3.19577	V	convergent	I:1; T:1; V:6	5	I:3; T:1; V:1	1	0.18557947248072712	0.7314700641160059	18.0	NOT PASS
V	V	250	T	12	34	36	0.3255	21.07947356	9.6262	3.19577	I	convergent	A:1; I:6; M:1; S:1; V:3	4	A:1; G:1; I:1; M:1	1	0.16313756583005956	0.7874460220733575	22.0	NOT PASS
V	V	250	A	6	17	47	0.7891	46.31074510999999	11.1567	3.19577	V	convergent	T:1; V:5	2	S:1; T:1	1	0.2136553368796354	0.6702862545040362	34.0	NOT PASS
C	C	251	S	17	143	19	0.0021	10.74344951	7.1243	0.52405	C	convergent	C:16; T:1	2	A:1; T:1	1	0.15451731492665413	0.8110228472698359	15.0	NOT PASS
I	L	253	L	36	1239	76	0.3308	190.68819153481112	28.592540745925408	5.07437	V	convergent	C:9; I:2; M:1; T:2; V:22	92	C:26; F:3; I:9; M:3; S:2; T:6; V:43	1	0.08369660758161548	1.0772921446165682	62.0	NOT PASS
I	L	253	C	38	229	25	0.0	11.642358331910035	6.008799120087991	5.07437	L	convergent	I:1; L:26; V:11	15	F:2; I:1; L:9; T:1; V:2	2	0.06569243825571582	1.1824846184587599	18.0	PASS
I	L	253	V	52	356	110	0.2997	460.4329128730962	42.21917808219178	5.07437	L	convergent	C:2; I:5; L:43; M:1; T:1	53	C:11; F:1; I:12; L:22; T:6; W:1	1	0.1387573947076342	0.8577438630150473	96.0	NOT PASS
I	L	253	I	23	69	119	0.8298	491.1732104461787	44.76812318768123	5.07437	V	convergent	C:1; L:9; T:1; V:12	13	C:1; L:2; M:1; T:4; V:5	1	1.1353799915076244	-0.05514123650345384	103.0	NOT PASS
I	L	253	T	17	104	39	0.2496	34.70039223454916	12.694830516948306	5.07437	L	convergent	C:1; I:4; L:6; V:6	4	I:1; L:2; V:1	2	0.055018792508974707	1.25948894525211	29.0	NOT PASS
I	L	253	M	4	23	31	0.9501	24.30601453403305	11.28887111288871	5.07437	L	convergent	I:1; L:3	2	L:1; V:1	1	0.7001691534692122	0.15479702635190468	24.0	NOT PASS
I	L	253	F	6	15	62	0.8524	43.96560279978401	11.999200079992	5.07437	L	convergent	C:2; L:3; V:1	0		1	0.2577080241120375	0.5888720588517846	34.0	NOT PASS
S	S	257	S	35	1328	65	0.2671	169.36978566343478	25.857685768576857	4.80005	G	reversion	G:35	92	A:1; C:3; G:84; T:2; Y:2	1	0.18846132176725944	0.7247777672971568	57.0	NOT PASS
S	S	257	G	84	675	39	0.0	62.47822281978173	13.5000500050005	4.80005	S	parallel	S:84	38	S:35; Y:3	1	0.18481229845285918	0.7332691317496047	32.0	PASS
S	S	257	Y	6	18	28	0.0671	8.126523623459455	2.017001700170017	4.80005	G	convergent	G:3; H:1; S:2	3	H:1; W:2	2	0.003152017439125692	2.501411388360431	17.0	NOT PASS
V	V	258	T	17	181	10	0.0	2.1144397499999994	1.9645	0.41672	V	parallel	V:17	2	V:2	2	0.2631033722866961	0.579873585376412	6.0	PASS
A	A	259	S	4	13	9	0.0691	1.50466016	1.5272	0.09655	A	parallel	A:4	1	A:1	1	0.42050295394140386	0.37623094903147786	5.0	NOT PASS
Y	Y	261	Y	55	1181	43	0.0	56.19732631	10.7787	8.68038	W	convergent	F:26; W:29	62	F:49; H:2; W:11	2	0.01638942203315904	1.7854363613920117	32.0	PASS
Y	Y	261	W	12	546	13	0.0002	3.22585376	2.2568	8.68038	Y	convergent	F:1; Y:11	48	F:19; Y:29	2	0.021319573376467043	1.6712214901754847	8.0	PASS
Y	Y	261	F	68	303	97	0.0763	411.74584336000004	31.5892	8.68038	Y	convergent	W:19; Y:49	27	W:1; Y:26	1	0.15775949973438333	0.8020044795766805	82.0	NOT PASS
T	T	264	C	17	153	14	0.0	2.9399200546117217	2.1627162716271626	1.1153	T	convergent	S:4; T:13	4	M:1; S:3	2	0.07659133544735706	1.1158203580467654	8.0	PASS
T	T	264	S	24	72	31	0.0167	37.69312384783833	12.363536353635364	1.1153	T	convergent	C:3; L:1; T:20	9	C:4; L:3; Q:1; T:1	1	0.25644626536971865	0.5910036211883356	25.0	NOT PASS
T	T	264	L	8	18	31	0.089	13.192268361749667	3.2935293529352934	1.1153	T	convergent	S:3; T:5	2	I:1; S:1	2	0.019244054132501777	1.715703430120453	20.0	NOT PASS
H	H	265	N	56	342	28	0.0	13.134133395337733	8.088208820882087	4.56163	H	parallel	H:56	4	H:2; I:1; Y:1	1	0.04796728684266134	1.3190548456905389	19.0	PASS
K	Q	266	K	10	193	6	0.0	0.47135306589964937	0.27622762276227625	1.25323	Q	reversion	Q:10	8	Q:8	1	0.042943044180449516	1.3671071721980925	3.0	PASS
K	Q	266	Q	8	1811	9	0.0004	1.7545075439637179	1.5065506550655066	1.25323	K	parallel	K:8	17	H:7; K:10	1	0.032625559539692164	1.486442031288394	5.0	PASS
S	S	268	T	42	239	37	0.0	43.700337239999996	12.7826	3.27711	S	convergent	A:5; S:37	31	A:7; I:6; S:18	1	0.4789592938900819	0.31970139512432894	28.006999999999607	PASS
S	S	268	S	29	1519	62	0.2186	122.88844375	18.8725	3.27711	T	convergent	A:11; T:18	75	A:34; C:1; I:2; T:37; V:1	1	0.25644626536971865	0.5910036211883356	46.0	NOT PASS
S	S	268	A	41	241	55	0.0223	108.66571296	20.3448	3.27711	S	convergent	S:34; T:7	16	S:11; T:5	1	0.4635762398765028	0.33387883145512354	44.0	NOT PASS
S	E	269	E	6	1745	67	0.2222	50.12286954486234	4.712928707129287	8.67578	D	convergent	D:5; S:1	68	A:4; D:43; I:1; L:1; M:1; Q:9; S:5; T:3; V:1	1	0.20581904115325472	0.6865144493731252	44.0	NOT PASS
S	E	269	D	45	92	60	0.0026	48.41564454693417	4.682031796820318	8.67578	E	convergent	E:43; S:2	6	E:5; N:1	1	0.24786809257166156	0.6057793752568786	39.0	NOT PASS
S	E	269	Q	10	38	22	0.0224	5.978007958628195	2.212578742125787	8.67578	E	convergent	E:9; S:1	3	A:1; H:1; S:1	1	0.098013933391284	1.0087121818093638	12.0	NOT PASS
S	E	269	S	12	62	100	0.9418	288.1718440894636	37.26987301269873	8.67578	E	convergent	E:5; N:4; Q:1; T:2	15	A:1; D:2; E:1; G:1; I:1; N:3; Q:1; T:4; Y:1	2	0.010771994969162294	1.9677038580887452	76.0	NOT PASS
S	E	269	T	11	17	52	0.8467	82.93053752319	20.365863413658634	8.67578	I	convergent	E:3; I:4; S:4	5	I:2; S:2; V:1	1	0.16313756583005956	0.7874460220733575	43.0	NOT PASS
S	E	269	N	4	14	49	0.8662	36.00884421106934	9.539746025397461	8.67578	S	convergent	D:1; S:3	4	S:4	1	0.3020541727339223	0.5199151603225315	32.0	NOT PASS
S	E	269	I	6	26	131	0.9134	587.1535803523938	31.694230576942306	8.67578	T	convergent	E:1; S:1; T:2; V:2	5	T:4; V:1	1	0.08555906467310291	1.0677339717574812	102.0	NOT PASS
V	V	273	I	55	128	85	0.1909	378.24558471	32.9773	2.15072	V	convergent	L:8; V:47	15	L:7; V:8	1	1.1353799915076244	-0.05514123650345384	75.0	NOT PASS
V	V	273	V	13	1300	77	0.6825	251.15686223999998	22.9076	2.15072	I	convergent	I:8; L:5	70	F:2; I:47; L:19; M:1; Y:1	1	1.2553446698556	-0.09876298292075548	64.0	NOT PASS
V	V	273	L	27	557	48	0.0887	68.15717311	14.7367	2.15072	V	convergent	F:1; I:7; V:19	16	F:2; I:8; V:5; Y:1	1	0.08369660758161548	1.0772921446165682	37.0	NOT PASS
V	V	273	F	4	12	29	0.5653	9.675423640000002	4.4806	2.15072	L	convergent	L:2; V:2	2	G:1; L:1	1	0.2577080241120375	0.5888720588517846	15.0	NOT PASS
F	F	274	F	4	1872	34	0.2626	21.15553664	3.1344	1.73638	L	reversion	L:4	35	C:1; L:28; Q:1; T:1; V:2; Y:2	1	0.2577080241120375	0.5888720588517846	24.0	NOT PASS
F	F	274	L	28	108	44	0.0094	32.534529240000005	12.4274	1.73638	F	parallel	F:28	4	F:4	1	0.16033427903783823	0.794973616726059	28.0	NOT PASS
V	I	277	I	62	1025	128	0.1823	590.5653479265568	39.204140828165635	5.07437	L	convergent	A:1; F:1; L:30; V:30	113	A:1; F:7; G:1; L:54; M:3; V:47	1	0.4678798114963209	0.32986569373686986	101.0	NOT PASS
V	I	277	V	72	266	120	0.0907	472.1728000030892	37.027105421084215	5.07437	I	convergent	I:47; L:25	44	A:4; G:3; I:30; L:7	1	1.2553446698556	-0.09876298292075548	96.0	NOT PASS
V	I	277	L	62	644	77	0.0058	223.3773762253951	24.337967593518705	5.07437	I	convergent	F:1; I:54; V:7	60	F:2; G:1; I:30; M:1; V:25; W:1	1	0.31203820508745533	0.505792228921089	61.0	NOT PASS
V	I	277	F	9	19	61	0.543	45.48271146527765	10.30266053210642	5.07437	I	convergent	I:7; L:2	2	I:1; L:1	1	0.06626775616038856	1.1786977344588423	33.0	NOT PASS
V	I	277	A	5	14	65	0.9408	103.90317591423866	17.649529905981197	5.07437	V	convergent	I:1; V:4	1	I:1	1	0.2136553368796354	0.6702862545040362	48.0	NOT PASS
A	A	279	A	10	1802	34	0.2713	37.05263073562081	6.905790579057906	1.79254	S	reversion	S:10	48	C:1; G:1; S:46	1	0.4635762398765028	0.33387883145512354	26.0	NOT PASS
A	A	279	S	46	135	41	0.0	69.40216855969025	17.607460746074608	1.79254	A	parallel	A:46	12	A:10; C:1; I:1	1	0.42050295394140386	0.37623094903147786	34.0	PASS
S	S	284	T	10	470	21	0.2355	12.704817749999998	6.8865	1.11412	S	parallel	S:10	11	A:1; N:1; S:9	1	0.4789592938900819	0.31970139512432894	16.0	NOT PASS
S	S	284	S	13	1165	28	0.1086	26.43192975	4.6705	1.11412	T	convergent	A:4; T:9	20	A:4; G:4; R:1; T:10; V:1	1	0.25644626536971865	0.5910036211883356	21.0	NOT PASS
S	S	284	A	6	78	28	0.8418	27.53617975	11.2795	1.11412	S	convergent	G:1; S:4; T:1	7	G:3; S:4	1	0.4635762398765028	0.33387883145512354	23.0	NOT PASS
S	S	284	G	7	49	18	0.3772	9.151884159999998	5.5672	1.11412	S	convergent	A:3; S:4	1	A:1	1	0.18481229845285918	0.7332691317496047	13.0	NOT PASS
S	S	285	S	18	1251	32	0.0706	36.407683499223324	6.142385761423857	1.35337	A	reversion	A:18	31	A:27; G:1; L:1; P:2	1	0.42050295394140386	0.37623094903147786	24.0	NOT PASS
S	S	285	A	27	363	34	0.0044	36.61298683650283	12.700929907009298	1.35337	S	parallel	S:27	19	S:18; V:1	1	0.4635762398765028	0.33387883145512354	26.0	NOT PASS
A	A	286	A	64	867	54	0.0	78.47104974999999	14.5505	3.27784	S	reversion	S:64	37	G:1; S:35; T:1	1	0.4635762398765028	0.33387883145512354	39.0	PASS
A	A	286	S	36	684	57	0.2088	146.09091936000002	24.1992	3.27784	A	convergent	A:35; T:1	65	A:64; P:1	1	0.42050295394140386	0.37623094903147786	50.0	NOT PASS
L	I	287	V	23	512	52	0.0549	49.006622240000006	6.6076	1.11389	I	convergent	C:1; I:21; L:1	10	F:1; I:9	1	1.2553446698556	-0.09876298292075548	38.0	NOT PASS
L	I	287	I	13	934	52	0.3334	29.406787189999996	11.2841	1.11389	V	convergent	L:4; V:9	30	C:1; L:7; T:1; V:21	1	1.1353799915076244	-0.05514123650345384	36.0	NOT PASS
L	I	287	L	7	74	37	0.1601	22.46086871	3.1877	1.11389	I	reversion	I:7	5	I:4; V:1	1	0.31203820508745533	0.505792228921089	23.0	NOT PASS
Y	Y	288	F	3	24	14	0.8101	4.89008016	4.4772	0.34363	Y	parallel	Y:3	2	L:1; Y:1	1	0.15775949973438333	0.8020044795766805	11.0	NOT PASS
L	M	291	V	25	121	97	0.2943	237.63683775000004	22.7465	3.28059	I	convergent	A:1; I:12; L:5; M:7	9	A:1; I:6; L:2	1	1.2553446698556	-0.09876298292075548	73.0069999999996	NOT PASS
L	M	291	L	39	287	67	0.034	116.15075663999998	14.9844	3.28059	M	convergent	C:1; I:1; M:35; V:2	25	A:2; C:3; I:3; M:12; V:5	1	0.1413087972858956	0.8498307999788288	48.0	NOT PASS
L	M	291	M	14	395	26	0.1991	17.58864839	9.9619	3.28059	L	convergent	A:1; I:1; L:12	55	A:3; C:3; I:5; L:35; P:1; S:1; V:7	1	0.7001691534692122	0.15479702635190468	21.0	NOT PASS
L	M	291	C	6	193	18	0.1179	4.97700199	2.9901	3.28059	L	convergent	L:3; M:3	3	A:1; F:1; L:1	2	0.06569243825571582	1.1824846184587599	11.0	NOT PASS
L	M	291	I	14	123	103	0.8934	181.63854464	29.4744	3.28059	V	convergent	L:3; M:5; V:6	15	F:1; L:1; M:1; V:12	1	1.1353799915076244	-0.05514123650345384	76.0	NOT PASS
L	M	291	A	7	18	46	0.3042	29.96576944	5.7916	3.28059	M	convergent	C:1; L:2; M:3; V:1	2	M:1; V:1	2	0.030313768394664077	1.5183600718382781	28.0	NOT PASS
V	I	294	V	5	18	25	0.2096	22.16749039	2.9969	0.36987	I	reversion	I:5	1	I:1	1	1.2553446698556	-0.09876298292075548	19.0	NOT PASS
C	C	295	L	3	34	19	0.1824	2.8381750000000006	1.505	0.58026	C	parallel	C:3	0		2	0.014055589975805659	1.8521509203973898	9.0	NOT PASS
M	M	296	L	22	47	43	0.249	80.77502942636444	14.078692130786921	1.10471	M	parallel	M:22	0		1	0.1413087972858956	0.8498307999788288	32.0	NOT PASS
H	H	302	H	5	334	33	0.3027	17.72069975	3.9995	8.67474	N	convergent	N:4; Q:1	29	E:1; N:18; Q:8; T:2	1	0.06287345566229315	1.2015326692216028	20.0	NOT PASS
H	H	302	Q	9	18	25	0.4233	25.535884640000003	7.5756	8.67474	H	convergent	H:8; N:1	1	H:1	1	0.08839057051216492	1.0535940629616143	20.0	NOT PASS
H	H	302	N	18	28	45	0.1827	34.425452390000004	12.6181	8.67474	H	parallel	H:18	8	H:4; P:1; Q:1; T:2	1	0.04796728684266134	1.3190548456905389	31.0	NOT PASS
