root	pos	mut	nbseq
M	[183, 433, 683, 933, 1183]	V	272
L	[73, 323, 573, 823, 1073]	V	36
L	[73, 323, 573, 823, 1073]	I	20
Q	[150, 400, 650, 900, 1150]	M	22
T	[214, 464, 714, 964, 1214]	Y	187
T	[214, 464, 714, 964, 1214]	F	59
K	[69, 319, 569, 819, 1069]	R	122
T	[68, 318, 568, 818, 1068]	D	46
V	[74, 324, 574, 824, 1074]	M	13
T	[214, 464, 714, 964, 1214]	S	21
T	[214, 464, 714, 964, 1214]	C	21
T	[214, 464, 714, 964, 1214]	D	25
M	[40, 290, 540, 790, 1040]	L	210
D	[66, 316, 566, 816, 1066]	N	162
L	[209, 459, 709, 959, 1209]	W	130
K	[218, 468, 718, 968, 1218]	Q	76
K	[218, 468, 718, 968, 1218]	E	37
K	[218, 468, 718, 968, 1218]	N	15
F	[115, 365, 615, 865, 1115]	Y	19
F	[76, 326, 576, 826, 1076]	L	15
A	[61, 311, 561, 811, 1061]	V	30
V	[74, 324, 574, 824, 1074]	I	18
K	[102, 352, 602, 852, 1102]	N	220
Y	[180, 430, 680, 930, 1180]	C	55
G	[189, 439, 689, 939, 1189]	A	63
L	[99, 349, 599, 849, 1099]	I	22
Y	[187, 437, 687, 937, 1187]	L	17
K	[100, 350, 600, 850, 1100]	P	12
K	[100, 350, 600, 850, 1100]	E	18
P	[224, 474, 724, 974, 1224]	H	39
A	[97, 347, 597, 847, 1097]	G	27
K	[237, 487, 737, 987, 1237]	T	22
V	[107, 357, 607, 857, 1107]	I	47
H	[220, 470, 720, 970, 1220]	Y	18
E	[137, 387, 637, 887, 1137]	A	49
V	[178, 428, 678, 928, 1178]	D	57
V	[178, 428, 678, 928, 1178]	E	18
