pastml_root	consensus_roto	position	mut	max_anc	ref_EEM	nbseq	evol_rate	genetic_distance	substitution_rate	findability	type_substitution	details	loss	loss_details	max_simu	variance	mean	pvalue_raw	adjust_pvalue	adjust_pvalue_fdr	detected_EEM	posmut	log-dep	log-indep	BF	correlation
Q	Q	145	C	Q	11	21	0.92414	3	0.00014221	3.847070153	parallel	Q:11	0		1	0.00556864	0.0056	0	0	0	PASS	145C	-1085.24618	-1080.547947	-9.396466	negative
A	A	98	S	A	27	38	1.05893	1	0.079155091	1.101521149	parallel	A:27	0		15	3.83664656	3.5188	0	0	0	PASS	98S	-1156.21878	-1148.893743	-14.650074	positive
V	V	90	I	V	23	33	0.16748	1	0.579999708	0.236572225	parallel	V:23	0		15	5.17410631	5.0787	0	0	0	PASS	90I	-1130.383247	-1134.577461	8.388428	positive
W	W	88	C	W	12	12	1.73382	1	0.046112853	1.336178005	parallel	W:12	0		11	2.260679	2.261	0	0	0	PASS	88C	-1079.084575	-1074.17226	-9.82463	positive
T	T	69	N	T	22	26	1.05893	1	0.195981341	0.707785275	parallel	T:22	4	D:4	21	7.64956719	7.2591	0	0	0	PASS	69N	-1119.112706	-1121.170204	4.114996	positive
I	I	142	V	I	164	269	3.26559	1	0.656285419	0.182907245	parallel	I:164	25	"I:24; T:1"	105	184.9226192	61.6009	0	0	0	PASS	142V	-1647.310482	-1644.889428	-4.842108	positive
S	S	68	G	S	43	52	1.05893	1	0.117610184	0.929555072	parallel	S:43	0		21	8.16997916	7.6078	0	0	0	PASS	68G	-1213.022807	-1208.880447	-8.28472	positive
E	E	207	A	E	68	668	7.25365	1	0.056249115	1.249884306	convergent	"D:7; E:59; G:1; K:1"	85	"D:25; E:21; G:5; K:5; L:1; N:8; Q:1; R:1; S:6; T:9; V:3"	59	27.58941616	15.0372	0	0	0	PASS	207A	-1582.695868	-1586.343018	7.2943	positive
D	D	67	N	D	45	50	1.05893	1	0.394582771	0.403861881	parallel	D:45	0		39	20.8721	18.53	0	0	0	PASS	67N	-1152.056569	-1184.218888	64.324638	positive
A	A	158	S	A	91	281	3.26559	1	0.079155091	1.101521149	parallel	A:91	23	A:23	31	17.62837751	11.2693	0	0	0	PASS	158S	-1479.593088	-1490.143321	21.100466	negative
L	L	228	R	L	26	32	1.05894	1	0.036788033	1.434293431	parallel	L:26	2	H:2	18	1.32040784	1.2596	0	0	0	PASS	228R	-1122.852012	-1139.299765	32.895506	positive
L	L	228	H	L	11	12	1.05894	1	0.091348188	1.039300064	convergent	"L:9; R:2"	0		6	0.99295839	0.9881	0	0	0	PASS	228H	-1060.975869	-1063.379424	4.80711	positive
I	V	60	I	V	186	632	3.26559	1	0.579999708	0.236572225	reversion	V:186	47	V:47	67	106.464436	12.958	0	0	0	PASS	60I	-1747.280619	-1741.915408	-10.730422	positive
E	E	53	D	E	37	40	1.05893	1	0.402012104	0.39576087	parallel	E:37	0		27	11.42068511	11.0567	0	0	0	PASS	53D	-1188.483297	-1183.602548	-9.761498	negative
I	I	50	V	I	27	29	0.16738	1	0.656285419	0.182907245	parallel	I:27	0		14	4.51417199	4.4849	0	0	0	PASS	50V	-1145.907269	-1143.009019	-5.7965	negative
K	K	49	R	K	162	283	3.26559	1	0.618113716	0.208931619	parallel	K:162	24	K:24	125	269.8464335	73.6907	0	0	0	PASS	49R	-1629.572992	-1626.493266	-6.159452	positive
S	S	48	E	T	20	36	1.05896	2	0.008246409	2.083735132	convergent	"S:6; T:14"	0		14	0.37715791	0.1953	0	0	0	PASS	48E	-1130.264944	-1125.063534	-10.40282	negative
S	S	48	S	T	44	1296	1.05896	1	0.25416102	0.594891055	reversion	T:44	44	"E:6; Q:1; T:37"	16	2.02920359	0.7379	0	0	0	PASS	48S	-1409.566877	-1419.98442	20.835086	positive
I	I	47	L	I	24	27	0.16733	1	0.22045713	0.65667585	parallel	I:24	0		11	2.41767776	2.4168	0	0	0	PASS	47L	-1142.09129	-1137.737455	-8.70767	negative
S	S	162	C	S	102	284	7.25365	1	0.126006711	0.899606324	convergent	"S:101; Y:1"	38	"A:1; H:1; S:27; Y:9"	28	14.17360079	9.0911	0	0	0	PASS	162C	-1520.928429	-1525.126749	8.39664	positive
A	A	98	G	A	34	40	1.05893	1	0.068532846	1.164101231	parallel	A:34	0		14	3.87685599	3.9049	0	0	0	PASS	98G	-1148.072556	-1169.271116	42.39712	positive
K	K	101	E	K	40	47	1.05893	1	0.139485748	0.855470165	parallel	K:40	0		21	8.33194551	7.7643	0	0	0	PASS	101E	-1180.777454	-1201.656387	41.757866	positive
P	P	225	H	P	18	20	1.05815	1	0.059905729	1.222531639	parallel	P:18	0		7	1.43148775	1.4285	0	0	0	PASS	225H	-1093.289901	-1103.045447	19.511092	positive
K	K	102	Q	K	40	59	1.05893	1	0.197898249	0.703558047	parallel	K:40	1	Y:1	22	8.70622879	8.4761	0	0	0	PASS	102Q	-1213.463313	-1206.613196	-13.700234	positive
I	I	135	T	I	199	443	7.25365	1	0.318624131	0.496721336	parallel	I:199	54	"I:43; K:2; L:2; M:1; R:3; V:3"	93	118.246128	43.4302	0	0	0	PASS	135T	-1798.628676	-1796.950921	-3.35551	positive
I	I	132	L	I	14	17	0.16733	1	0.22045713	0.65667585	parallel	I:14	0		11	2.49791399	2.4301	0	0	0	PASS	132L	-1083.024993	-1084.463854	2.877722	positive
D	S	123	G	D	105	158	7.25365	1	0.063407332	1.197860517	convergent	"D:66; E:2; N:4; S:33"	38	"D:17; E:2; S:19"	60	47.51047264	29.4144	0	0	0	PASS	123G	-1483.237587	-1483.178651	-0.117872	negative
D	S	123	N	D	175	344	7.25365	1	0.394582771	0.403861881	convergent	"D:95; S:80"	136	"D:48; E:3; G:4; H:1; K:1; S:78; T:1"	129	352.5396908	73.3589	0	0	0	PASS	123N	-1821.737278	-1820.775075	-1.924406	positive
D	S	123	S	N	144	561	7.25365	1	0.307755335	0.51179441	convergent	"D:47; G:19; N:78"	143	"D:24; E:3; G:33; N:80; T:3"	77	102.6503142	18.1024	0	0	0	PASS	123S	-1866.566691	-1868.69853	4.263678	negative
F	F	214	L	F	162	277	3.26559	1	0.13030577	0.885036354	parallel	F:162	8	F:8	90	119.6738652	53.3926	0	0	0	PASS	214L	-1609.717918	-1609.786069	0.136302	positive
D	S	123	D	N	100	556	7.25365	1	0.413499625	0.38352488	convergent	"E:11; G:17; N:48; S:24"	265	"A:4; E:50; G:66; K:1; N:95; Q:1; S:47; T:1"	88	156.032817	20.8952	0	0	0	PASS	123D	-1922.347276	-1931.112109	17.529666	positive
E	E	138	A	E	46	60	1.78041	1	0.056249115	1.249884306	parallel	E:46	1	G:1	20	4.21347804	3.9014	0	0	0	PASS	138A	-1243.725196	-1236.315939	-14.818514	positive
E	E	122	K	E	165	279	7.25365	1	0.175231742	0.756387222	parallel	E:165	29	"A:1; E:15; P:9; Q:1; R:3"	94	69.88559375	33.7775	0	0	0	PASS	122K	-1645.984812	-1644.42101	-3.127604	positive
K	K	238	K	R	37	1595	1.05893	1	0.716540366	0.144759339	reversion	R:37	36	"N:2; R:18; S:1; T:15"	24	7.54039375	1.7375	0	0	0	PASS	238K	-1377.933217	-1381.299454	6.732474	negative
T	T	215	F	T	36	49	1.05893	2	0.000402024	3.395747677	convergent	"T:29; Y:7"	4	"S:1; Y:3"	5	0.14149599	0.1049	0	0	0	PASS	215F	-1151.091955	-1181.511081	60.838252	positive
D	D	121	C	D	11	12	3.26559	2	0.000111709	3.951912085	convergent	"D:5; H:2; Y:4"	1	S:1	9	0.26377775	0.1665	0	0	0	PASS	121C	-1074.056974	-1067.598436	-12.917076	negative
D	D	121	H	D	111	168	3.26559	1	0.042826972	1.368282632	convergent	"D:97; Y:14"	14	"C:2; Y:12"	19	4.8718	3.7	0	0	0	PASS	121H	-1481.340449	-1473.520368	-15.640162	positive
T	T	215	Y	T	35	54	1.05893	2	0.003006652	2.521916825	convergent	"F:3; T:32"	11	"F:7; T:4"	7	0.13344375	0.1125	0	0	0	PASS	215Y	-1155.812915	-1186.674543	61.723256	positive
L	L	210	W	L	24	28	1.05893	1	0.03927488	1.405885135	parallel	L:24	0		6	0.62357775	0.6335	0	0	0	PASS	210W	-1103.166118	-1120.171788	34.01134	positive
K	K	219	Q	K	26	29	1.05893	1	0.197898249	0.703558047	parallel	K:26	1	E:1	21	8.60641664	8.4656	0	0	0	PASS	219Q	-1111.200626	-1126.587302	30.773352	positive
G	G	190	A	G	74	95	3.26559	1	0.081922156	1.086598625	convergent	"G:73; S:1"	1	G:1	39	11.76566351	9.7407	0	0	0	PASS	190A	-1254.918496	-1301.441676	93.04636	positive
K	K	104	R	K	28	34	0.16801	1	0.618113716	0.208931619	parallel	K:28	1	K:1	17	5.50850639	5.5519	0	0	0	PASS	104R	-1152.234121	-1149.019963	-6.428316	positive
K	K	103	N	K	132	183	3.26559	1	0.238916215	0.621754374	parallel	K:132	2	"K:1; R:1"	41	31.07087999	20.0249	0	0	0	PASS	103N	-1355.905482	-1461.036229	210.261494	positive
H	H	221	Y	H	43	53	1.05893	1	0.221125374	0.655361419	parallel	H:43	2	H:2	28	14.04264944	12.6084	0	0	0	PASS	221Y	-1174.884903	-1200.44054	51.111274	positive
D	D	121	Y	D	46	118	3.26559	1	0.015072954	1.821801634	convergent	"D:34; H:12"	27	"C:4; D:9; H:14"	19	2.48608156	1.7062	0	0	0	PASS	121Y	-1301.628733	-1295.662925	-11.931616	positive
M	M	41	L	M	39	54	1.05893	1	0.055794578	1.253408	parallel	M:39	0		30	13.59934256	13.0588	0	0	0	PASS	41L	-1140.417782	-1172.941409	65.047254	positive
S	S	48	T	S	37	506	1.05896	1	0.239791431	0.62016634	parallel	S:37	60	"E:14; Q:1; S:44; V:1"	29	12.27527536	11.6092	0	0	0	PASS	48T	-1394.969118	-1406.189578	22.44092	negative
Q	Q	245	M	Q	30	38	7.25365	2	0.008637147	2.063629687	convergent	"K:1; Q:25; T:2; V:2"	9	"I:3; T:1; V:5"	15	3.96913916	2.2578	0	0	0	PASS	245M	-1187.431086	-1183.302296	-8.25758	negative
V	V	21	I	V	65	83	1.05893	1	0.579999708	0.236572225	parallel	V:65	1	V:1	53	35.54707951	29.3007	0	0	0	PASS	21I	-1304.260277	-1299.554724	-9.411106	positive
T	T	27	S	T	27	30	0.16733	1	0.25416102	0.594891055	parallel	T:27	0		10	1.86836704	1.8536	0	0	0	PASS	27S	-1154.317108	-1151.834228	-4.96576	negative
E	E	28	K	E	31	38	1.09053	1	0.175231742	0.756387222	parallel	E:31	2	"R:1; T:1"	19	6.86264444	6.6666	0	0	0	PASS	28K	-1155.330989	-1158.338938	6.015898	positive
I	I	31	L	I	22	23	0.16733	1	0.22045713	0.65667585	parallel	I:22	0		11	2.48426944	2.4584	0	0	0	PASS	31L	-1108.490178	-1116.607421	16.234486	positive
K	K	32	E	K	22	33	1.05893	1	0.139485748	0.855470165	parallel	K:22	0		21	8.24094524	7.7574	0	0	0	PASS	32E	-1131.640782	-1126.182694	-10.916176	positive
E	E	40	D	E	150	306	7.25365	1	0.402012104	0.39576087	parallel	E:150	40	E:40	87	134.2013178	52.5385	0	0	0	PASS	40D	-1672.163454	-1677.70763	11.088352	negative
K	K	20	R	K	147	207	3.26559	1	0.618113716	0.208931619	parallel	K:147	7	K:7	117	272.4698054	73.4384	0	0	0	PASS	20R	-1556.216864	-1550.185735	-12.062258	positive
E	E	177	D	E	163	242	7.25365	1	0.402012104	0.39576087	parallel	E:163	11	E:11	91	136.158444	52.466	0	0	0	PASS	177D	-1613.127673	-1609.626221	-7.002904	positive
T	T	35	M	T	25	31	1.05893	1	0.140590268	0.852044742	parallel	T:25	1	R:1	10	2.41029756	2.3662	0	0	0	PASS	35M	-1150.835432	-1145.239902	-11.19106	negative
G	G	196	E	G	98	184	3.26806	1	0.150686418	0.821925891	parallel	G:98	5	"G:3; K:2"	47	26.21059375	20.1425	0	0	0	PASS	196E	-1418.206498	-1410.106205	-16.200586	positive
Y	Y	181	C	Y	102	139	3.26559	1	0.114006475	0.943070484	parallel	Y:102	5	"I:1; V:1; Y:3"	27	12.63749599	11.1049	0	0	0	PASS	181C	-1303.163087	-1390.270387	174.2146	positive
I	I	178	M	I	105	274	7.25365	1	0.414606461	0.382363935	convergent	"I:104; L:1"	75	"I:64; L:11"	48	37.19413376	24.5432	0	0	0	PASS	178M	-1602.955056	-1598.569768	-8.770576	positive
E	E	36	E	A	94	1208	3.26559	1	0.047542865	1.322914653	reversion	A:94	49	"A:16; D:26; K:2; M:1; N:1; Q:3"	53	24.84223719	3.9091	0	0	0	PASS	36E	-1592.094742	-1598.397211	12.604938	positive
I	I	244	V	I	20	48	0.16735	1	0.656285419	0.182907245	parallel	I:20	2	I:2	15	4.44313439	4.4919	0	0	0	PASS	244V	-1135.040162	-1127.192553	-15.695218	negative
I	I	202	V	I	106	151	1.05893	1	0.656285419	0.182907245	parallel	I:106	2	I:2	47	31.91792775	25.5085	0	0	0	PASS	202V	-1442.923538	-1436.112072	-13.622932	positive
K	K	166	R	K	73	90	1.05893	1	0.618113716	0.208931619	parallel	K:73	2	K:2	54	40.39425056	31.2288	0	0	0	PASS	166R	-1347.169408	-1343.286676	-7.765464	negative
E	E	203	D	E	29	31	1.05893	1	0.402012104	0.39576087	parallel	E:29	0		25	11.43764151	11.0293	0	0	0	PASS	203D	-1160.747643	-1154.858163	-11.77896	positive
I	I	195	L	I	19	27	0.16733	1	0.22045713	0.65667585	parallel	I:19	0		12	2.45100431	2.4337	0	0	0	PASS	195L	-1122.711996	-1117.133985	-11.156022	negative
V	V	8	I	V	23	25	0.17442	1	0.579999708	0.236572225	parallel	V:23	0		16	5.200644	5.266	0	0	0	PASS	8I	-1132.873656	-1128.830766	-8.08578	positive
Y	Y	188	L	Y	20	21	1.05893	2	0.001684469	2.773536995	parallel	Y:20	0		16	1.88635191	0.7947	0	0	0	PASS	188L	-1099.680807	-1111.988978	24.616342	positive
T	A	173	T	A	128	341	7.25365	1	0.510886411	0.291675649	convergent	"A:107; I:12; R:1; S:8"	131	"A:56; G:1; I:20; K:30; L:2; M:3; N:2; Q:1; R:11; S:4; V:1"	107	199.9721176	29.4079	0	0	0	PASS	173T	-1717.196645	-1712.071936	-10.249418	negative
M	M	184	V	M	225	383	3.266	1	0.071879593	1.143394388	parallel	M:225	7	"I:1; M:6"	72	64.817596	31.498	0	0	0	PASS	184V	-1283.930831	-1639.221197	710.580732	positive
F	F	171	Y	F	18	20	0.1677	1	0.234478361	0.629897231	parallel	F:18	0		9	1.82093639	1.7981	0	0	0	PASS	171Y	-1108.717604	-1102.863484	-11.70824	positive
I	I	5	V	I	17	21	0.16733	1	0.656285419	0.182907245	parallel	I:17	1	I:1	14	4.44955324	4.5474	0	0	0	PASS	5V	-1106.223091	-1102.719664	-7.006854	positive
E	E	248	D	E	133	343	7.25365	1	0.402012104	0.39576087	parallel	E:133	95	"E:49; N:46"	96	140.3015552	52.3522	0	0	0	PASS	248D	-1768.318655	-1764.339393	-7.958524	positive
T	T	165	I	T	58	60	1.05893	1	0.245085742	0.610681954	parallel	T:58	3	L:3	31	16.02190519	13.7941	0	0	0	PASS	165I	-1266.66158	-1263.245003	-6.833154	negative
K	K	70	R	K	56	64	1.05893	1	0.618113716	0.208931619	parallel	K:56	0		58	42.18842556	31.1462	0.0001	0.0166	0.000307692	PASS	70R	-1184.434059	-1226.172338	83.476558	positive
Q	Q	245	E	Q	64	223	7.25365	1	0.07281716	1.137766264	convergent	"K:15; Q:47; T:2"	38	"A:2; D:4; K:11; N:2; Q:8; T:2; V:9"	69	44.22056775	25.6115	0.0001	0.0166	0.000307692	PASS	245E	-1529.124082	-1536.146785	14.045406	positive
V	V	75	M	V	15	16	1.05893	1	0.224075563	0.649605504	parallel	V:15	0		15	3.57196636	3.4942	0.0001	0.0166	0.000307692	PASS	75M	-1078.349869	-1086.141471	15.583204	positive
I	I	178	L	I	114	179	7.25365	1	0.22045713	0.65667585	convergent	"I:103; M:11"	2	"M:1; V:1"	126	218.167774	61.5051	0.0001	0.0166	0.000307692	PASS	178L	-1429.237691	-1423.993109	-10.489164	positive
T	T	107	T	S	5	1826	0.16733	1	0.239791431	0.62016634	reversion	S:5	9	"P:1; S:8"	5	0.05561775	0.0385	0.0002	0.0324	0.000585366	PASS	107T	-1101.371438	-1094.423987	-13.894902	positive
D	D	218	E	D	11	11	0.16733	1	0.236536969	0.626100972	parallel	D:11	0		12	3.12272159	3.1529	0.0002	0.0324	0.000585366	PASS	218E	-1061.967069	-1064.721073	5.508008	positive
E	E	6	K	E	46	57	3.26559	1	0.175231742	0.756387222	convergent	"D:1; E:45"	3	N:3	49	22.44829084	17.8554	0.0002	0.0324	0.000585366	PASS	6K	-1237.874828	-1229.252337	-17.244982	positive
K	K	174	K	Q	123	946	7.25365	1	0.186220173	0.729973273	convergent	"Q:122; R:1"	129	"A:2; E:18; G:2; N:13; Q:61; R:33"	138	380.074071	37.723	0.0002	0.0324	0.000585366	PASS	174K	-1850.772248	-1857.625995	13.707494	positive
M	M	230	L	M	9	14	0.16733	1	0.055794578	1.253408	parallel	M:9	0		9	2.18171431	2.2163	0.0004	0.0632	0.001142857	PASS	230L	-1062.59354	-1061.993912	-1.199256	positive
P	P	243	A	P	37	63	3.26559	1	0.05182259	1.285480884	convergent	"P:34; T:3"	10	"P:6; T:4"	45	15.61696284	9.9846	0.0004	0.0632	0.001142857	PASS	243A	-1215.503275	-1214.877652	-1.251246	positive
T	T	165	L	T	11	12	1.05893	2	0.001245533	2.904644792	convergent	"I:3; T:8"	0		13	1.38843279	0.6561	0.0005	0.078	0.001411765	PASS	165L	-1064.168866	-1067.577461	6.81719	positive
T	T	69	D	T	12	13	1.05893	2	0.007818115	2.106897947	convergent	"N:4; T:8"	0		15	1.14781559	0.5979	0.0006	0.093	0.001655172	PASS	69D	-1069.213701	-1073.294436	8.16147	positive
K	K	219	E	K	20	22	1.05893	1	0.139485748	0.855470165	convergent	"K:19; Q:1"	0		21	8.39092599	7.7451	0.0006	0.093	0.001655172	PASS	219E	-1096.616787	-1103.517986	13.802398	positive
E	E	122	P	E	21	28	7.25365	2	0.000456516	3.34054359	convergent	"A:1; E:11; K:9"	0		26	6.94820079	2.0911	0.0009	0.1377	0.0024	NOT PASS	122P	-1126.673774	-1119.383787	-14.579974	positive
K	K	211	R	K	179	442	7.25365	1	0.618113716	0.208931619	convergent	"K:146; S:33"	101	"A:2; G:3; K:82; M:2; S:10; T:1; V:1"	186	885.4909202	108.8772	0.0009	0.1377	0.0024	NOT PASS	211R	-1815.807547	-1822.603127	13.59116	negative
E	E	204	K	E	36	61	3.24331	1	0.175231742	0.756387222	convergent	"E:35; Q:1"	10	"E:5; L:1; N:2; Q:1; R:1"	45	21.99957724	17.6674	0.0009	0.1377	0.0024	NOT PASS	204K	-1212.217084	-1208.779306	-6.875556	positive
K	K	43	E	K	37	235	3.26558	1	0.139485748	0.855470165	parallel	K:37	32	"A:3; K:26; Q:3"	41	30.04939975	19.3005	0.001	0.15	0.002580645	NOT PASS	43E	-1296.010343	-1293.228767	-5.563152	positive
E	E	28	A	E	11	16	1.09053	1	0.056249115	1.249884306	parallel	E:11	0		19	2.52288559	2.4271	0.001	0.15	0.002580645	NOT PASS	28A	-1070.584329	-1067.917874	-5.33291	positive
F	F	227	L	F	11	12	0.16733	1	0.13030577	0.885036354	parallel	F:11	0		13	3.49730975	3.4905	0.001	0.15	0.002580645	NOT PASS	227L	-1066.328898	-1069.12727	5.596744	positive
T	T	107	S	T	8	31	0.16733	1	0.25416102	0.594891055	parallel	T:8	5	T:5	10	1.85122839	1.8619	0.0011	0.1617	0.00275	NOT PASS	107S	-1080.187044	-1072.012554	-16.34898	negative
A	A	200	T	A	129	446	7.25365	1	0.510886411	0.291675649	convergent	"A:127; I:2"	118	"A:71; E:2; I:31; K:6; M:2; Q:3; R:1; S:1; V:1"	142	351.0395262	82.5876	0.0011	0.1617	0.00275	NOT PASS	200T	-1742.75117	-1740.582546	-4.337248	positive
Q	Q	245	V	Q	34	50	7.25365	2	0.000594873	3.225576059	convergent	"E:9; K:3; L:1; M:5; Q:16"	6	"K:1; L:2; M:2; T:1"	52	11.16143831	2.5237	0.0011	0.1617	0.00275	NOT PASS	245V	-1206.911791	-1199.215287	-15.393008	negative
K	K	211	K	R	112	792	7.25365	1	0.716540366	0.144759339	convergent	"R:82; S:30"	188	"A:9; E:7; G:1; L:1; M:3; N:2; Q:8; R:146; S:9; T:2"	140	364.0962904	37.0031	0.0015	0.216	0.003636364	NOT PASS	211K	-1916.686186	-1928.551779	23.731186	positive
E	E	203	K	E	16	17	1.05893	1	0.175231742	0.756387222	parallel	E:16	0		18	6.61399951	6.5007	0.0015	0.216	0.003636364	NOT PASS	203K	-1081.431851	-1088.64088	14.418058	positive
V	V	118	I	V	48	68	1.05893	1	0.579999708	0.236572225	parallel	V:48	1	V:1	52	36.69625231	29.2113	0.0015	0.216	0.003636364	NOT PASS	118I	-1235.071783	-1228.209622	-13.724322	positive
P	P	243	T	P	35	44	3.26559	1	0.049185271	1.308164932	convergent	"A:4; P:30; S:1"	3	A:3	49	18.26568975	9.4895	0.0016	0.2256	0.00380198	NOT PASS	243T	-1195.042188	-1189.599546	-10.885284	negative
K	K	238	T	K	15	17	1.05893	1	0.141196517	0.850176016	parallel	K:15	0		19	6.17383991	6.1003	0.0016	0.2256	0.00380198	NOT PASS	238T	-1081.850535	-1089.567805	15.43454	positive
T	T	35	K	T	18	18	1.05893	1	0.1329396	0.876345632	parallel	T:18	0		27	7.53849824	6.4776	0.0017	0.2363	0.004	NOT PASS	35K	-1108.275636	-1103.269237	-10.012798	positive
S	S	162	A	S	75	106	7.25365	1	0.066218807	1.179018648	convergent	"C:1; H:4; S:69; Y:1"	2	"S:1; T:1"	97	114.9811034	27.0608	0.0018	0.2484	0.004194175	NOT PASS	162A	-1355.785768	-1349.166906	-13.237724	positive
S	S	162	Y	H	26	54	7.25365	1	0.221125374	0.655361419	convergent	"C:9; H:10; N:1; S:6"	17	"A:1; C:1; D:3; H:7; N:1; Q:1; S:3"	41	12.36843676	4.1018	0.002	0.274	0.004615385	NOT PASS	162Y	-1180.806224	-1175.408195	-10.796058	positive
K	K	11	K	T	59	1273	3.26559	1	0.1329396	0.876345632	convergent	"A:1; T:58"	54	"A:1; E:4; H:2; N:1; Q:13; R:9; S:1; T:22; V:1"	73	102.000032	12.4202	0.0021	0.2856	0.004754717	NOT PASS	11K	-1528.036894	-1537.690607	19.307426	negative
K	K	32	I	K	9	10	1.05893	1	0.009742288	2.011339025	parallel	K:9	0		13	1.23728476	0.8282	0.0021	0.2856	0.004754717	NOT PASS	32I	-1066.204032	-1062.641705	-7.124654	positive
T	T	139	A	T	38	42	1.05893	1	0.453004105	0.343897863	parallel	T:38	0		42	29.11949536	21.9408	0.0022	0.2948	0.004934579	NOT PASS	139A	-1195.886525	-1193.734665	-4.30372	negative
V	V	108	I	V	47	51	1.05893	1	0.579999708	0.236572225	parallel	V:47	0		54	35.992999	29.149	0.0024	0.3192	0.005333333	NOT PASS	108I	-1171.490734	-1205.185943	67.390418	positive
E	E	248	N	D	63	76	7.25365	1	0.394582771	0.403861881	convergent	"D:46; E:17"	2	"C:1; S:1"	95	115.5581935	14.2907	0.0029	0.3828	0.006385321	NOT PASS	248N	-1296.140263	-1291.823121	-8.634284	positive
S	S	162	H	S	23	44	7.25365	2	0.010276423	1.988158038	convergent	"C:1; N:1; S:14; Y:7"	19	"A:4; D:1; F:1; S:3; Y:10"	37	14.11835136	5.7808	0.003	0.393	0.006545455	NOT PASS	162H	-1162.832293	-1156.522826	-12.618934	positive
V	V	106	M	V	10	11	1.05893	1	0.224075563	0.649605504	convergent	"I:1; V:9"	0		13	3.45654375	3.5075	0.0033	0.429	0.007135135	NOT PASS	106M	-1063.051778	-1063.815782	1.528008	positive
K	K	174	Q	K	61	716	7.25365	1	0.197898249	0.703558047	parallel	K:61	157	"E:5; G:2; H:5; K:122; L:1; N:3; R:19"	71	88.42319399	36.9699	0.0037	0.4773	0.007928571	NOT PASS	174Q	-1762.55515	-1768.622342	12.134384	negative
Q	Q	245	T	Q	32	75	7.25365	2	0.006928154	2.159382485	convergent	"E:2; K:13; M:1; N:1; Q:14; V:1"	11	"E:2; I:1; K:5; M:2; N:1"	49	27.26079356	8.3262	0.0038	0.4864	0.008	NOT PASS	245T	-1211.773446	-1208.065114	-7.416664	positive
T	A	173	L	S	53	65	7.25365	1	0.024906754	1.603682876	convergent	"A:8; I:5; S:38; T:2"	1	S:1	92	92.15665916	14.1922	0.0038	0.4864	0.008	NOT PASS	173L	-1260.446022	-1257.080791	-6.730462	positive
A	A	200	E	A	47	59	7.25365	1	0.047542865	1.322914653	convergent	"A:45; T:2"	2	"K:1; Q:1"	64	37.98002556	15.8962	0.004	0.504	0.008347826	NOT PASS	200E	-1227.094632	-1226.963589	-0.262086	negative
A	A	200	A	T	71	1181	7.25365	1	0.453004105	0.343897863	reversion	T:71	191	"D:1; E:45; I:4; K:5; Q:1; S:1; T:127; V:7"	99	189.056204	21.886	0.0049	0.6125	0.010051282	NOT PASS	200A	-1848.712472	-1851.999484	6.574024	positive
V	V	179	D	V	13	14	3.26559	1	0.034263629	1.465166637	convergent	"E:2; V:11"	0		23	4.71755644	3.2434	0.0049	0.6125	0.010051282	NOT PASS	179D	-1085.594189	-1083.132292	-4.923794	positive
K	K	11	A	T	26	49	3.26559	1	0.453004105	0.343897863	convergent	"K:1; T:25"	6	"K:1; S:1; T:2; V:2"	55	17.52414624	2.7376	0.0062	0.7626	0.012504202	NOT PASS	11A	-1162.050226	-1154.775357	-14.549738	positive
T	E	39	D	E	44	49	7.25365	1	0.402012104	0.39576087	convergent	"A:1; E:34; K:3; N:5; T:1"	1	N:1	74	63.77480775	9.5565	0.0062	0.7626	0.012504202	NOT PASS	39D	-1217.531315	-1217.710025	0.35742	negative
T	T	35	I	T	25	26	1.05893	1	0.245085742	0.610681954	parallel	T:25	0		30	16.01716071	13.7923	0.0065	0.7865	0.013	NOT PASS	35I	-1138.481097	-1134.944755	-7.072684	negative
T	E	39	N	K	59	116	7.25365	1	0.238916215	0.621754374	convergent	"D:1; E:3; K:40; M:1; T:14"	43	"C:1; D:5; E:2; H:1; K:19; L:1; Q:1; R:1; S:3; T:9"	74	94.80499664	31.1844	0.0068	0.816	0.013487603	NOT PASS	39N	-1351.174784	-1348.702537	-4.944494	positive
P	P	4	H	P	11	15	3.26559	1	0.059905729	1.222531639	parallel	P:11	1	P:1	18	4.614359	4.271	0.0077	0.9163	0.015147541	NOT PASS	4H	-1077.97776	-1076.187384	-3.580752	positive
K	K	249	Q	K	16	19	0.97121	1	0.197898249	0.703558047	parallel	K:16	0		22	8.19352799	7.8601	0.0079	0.9322	0.015414634	NOT PASS	249Q	-1103.808391	-1101.541445	-4.533892	negative
E	E	207	K	E	57	79	7.25365	1	0.175231742	0.756387222	convergent	"A:5; E:48; N:2; Q:1; S:1"	9	"A:1; G:1; N:2; Q:3; S:2"	81	64.48314556	33.5962	0.0083	0.9711	0.016064516	NOT PASS	207K	-1304.083421	-1299.548118	-9.070606	negative
E	E	207	N	E	50	66	7.25365	2	0.003009748	2.521469838	convergent	"A:8; D:10; E:27; G:1; K:2; S:2"	9	"D:2; K:2; S:4; T:1"	80	107.4604847	14.1477	0.0099	1	0.019008	NOT PASS	207N	-1251.270989	-1253.011298	3.480618	negative
E	E	36	A	E	16	562	3.26559	1	0.056249115	1.249884306	parallel	E:16	99	"E:94; I:2; L:1; T:1; V:1"	38	9.04925671	7.0323	0.0102	1	0.019428571	NOT PASS	36A	-1408.310838	-1416.767307	16.912938	negative
T	E	39	E	K	28	642	7.25365	1	0.139485748	0.855470165	convergent	"A:1; K:19; N:2; R:1; T:5"	71	"A:12; D:34; G:5; K:11; N:3; Q:2; T:4"	65	29.90617436	9.1242	0.0111	1	0.020976378	NOT PASS	39E	-1386.579504	-1396.445881	19.732754	negative
E	E	207	Q	E	34	53	7.25365	1	0.097214692	1.012268094	convergent	"A:1; E:30; K:3"	4	"E:3; K:1"	50	32.75640775	19.3565	0.0126	1	0.023625	NOT PASS	207Q	-1205.897327	-1200.372364	-11.049926	negative
E	E	169	D	E	44	99	3.26559	1	0.402012104	0.39576087	parallel	E:44	12	"A:4; E:8"	54	42.576876	29.482	0.0132	1	0.02455814	NOT PASS	169D	-1256.567635	-1251.833063	-9.469144	positive
P	P	4	S	P	30	35	3.26559	1	0.13131945	0.881670944	parallel	P:30	2	P:2	39	22.02632231	18.8637	0.015	1	0.027692308	NOT PASS	4S	-1165.959204	-1163.430247	-5.057914	negative
E	E	248	E	D	49	1123	7.25365	1	0.236536969	0.626100972	reversion	D:49	169	"A:2; D:133; K:6; N:17; Q:6; S:1; T:3; V:1"	94	131.4917608	14.2911	0.0173	1	0.031694656	NOT PASS	248E	-2116.811808	-2118.71447	3.805324	negative
Q	Q	245	K	Q	83	150	7.25365	1	0.186220173	0.729973273	convergent	"E:11; Q:66; T:5; V:1"	45	"E:15; I:1; M:1; N:1; Q:10; R:1; T:13; V:3"	117	148.9815826	51.1588	0.0194	1	0.035272727	NOT PASS	245K	-1442.007048	-1437.731784	-8.550528	negative
D	D	67	G	D	11	12	1.05893	1	0.063407332	1.197860517	parallel	D:11	0		16	5.25179776	5.2168	0.0199	1	0.035909774	NOT PASS	67G	-1064.491219	-1067.372035	5.761632	positive
T	T	35	V	T	9	10	1.05893	2	0.020183204	1.6950099	parallel	T:9	0		23	4.63678716	2.1778	0.021	1	0.03761194	NOT PASS	35V	-1063.182418	-1060.193767	-5.977302	positive
Q	Q	197	E	Q	10	10	1.05893	1	0.07281716	1.137766264	parallel	Q:10	0		15	4.84321756	4.6838	0.0226	1	0.040177778	NOT PASS	197E	-1071.145034	-1065.74021	-10.809648	negative
R	R	172	K	R	10	44	0.16733	1	0.716540366	0.144759339	parallel	R:10	0		16	4.78471599	4.7951	0.0238	1	0.042	NOT PASS	172K	-1066.758039	-1066.415603	-0.684872	positive
E	E	207	S	A	19	34	7.25365	1	0.079155091	1.101521149	convergent	"A:6; E:6; G:1; K:2; N:4"	5	"G:2; K:1; N:2"	44	26.06284871	5.8627	0.0302	1	0.052905109	NOT PASS	207S	-1126.696271	-1120.672009	-12.048524	positive
E	E	44	D	E	18	18	1.05696	1	0.402012104	0.39576087	parallel	E:18	0		25	11.34542716	10.9722	0.0313	1	0.054434783	NOT PASS	44D	-1108.58379	-1103.022349	-11.122882	positive
T	E	39	K	T	57	378	7.25365	1	0.1329396	0.876345632	convergent	"A:1; E:11; N:19; T:26"	125	"A:3; D:3; E:19; G:1; L:6; M:2; N:40; Q:8; R:16; S:4; T:23"	114	138.3355438	29.7475	0.0346	1	0.059741007	NOT PASS	39K	-1567.405415	-1569.278004	3.745178	positive
V	V	111	I	V	10	12	0.16733	1	0.579999708	0.236572225	parallel	V:10	0		16	5.191136	5.092	0.0358	1	0.061371429	NOT PASS	111I	-1069.091304	-1066.041003	-6.100602	positive
Q	Q	197	K	Q	16	19	1.05893	1	0.186220173	0.729973273	parallel	Q:16	0		27	10.136704	9.436	0.0364	1	0.061957447	NOT PASS	197K	-1107.007094	-1103.059362	-7.895464	negative
K	K	11	T	K	25	230	3.26559	1	0.141196517	0.850176016	convergent	"A:2; K:22; S:1"	96	"A:25; E:1; K:58; M:1; P:1; Q:1; R:2; S:7"	37	20.18600176	16.3268	0.0398	1	0.067267606	NOT PASS	11T	-1448.800947	-1453.582924	9.563954	positive
T	T	139	K	T	12	13	1.05893	1	0.1329396	0.876345632	parallel	T:12	0		22	7.25725279	6.4311	0.0412	1	0.069146853	NOT PASS	139K	-1080.417609	-1077.245505	-6.344208	positive
E	E	40	E	D	40	1507	7.25365	1	0.236536969	0.626100972	reversion	D:40	157	"A:2; D:150; G:1; K:4"	102	125.5061964	14.1269	0.0427	1	0.071166667	NOT PASS	40E	-1742.376479	-1745.081084	5.40921	positive
T	A	173	K	T	52	215	7.25365	1	0.1329396	0.876345632	convergent	"A:9; E:2; I:2; R:4; S:5; T:30"	15	"D:1; E:2; I:1; N:2; Q:3; R:5; S:1"	115	131.180726	29.7586	0.0444	1	0.073489655	NOT PASS	173K	-1317.262629	-1309.058519	-16.40822	positive
P	P	243	P	A	6	1550	3.26559	1	0.068109523	1.166792164	reversion	A:6	93	"A:34; H:4; L:1; Q:3; S:21; T:30"	16	3.61869759	1.3079	0.0468	1	0.076931507	NOT PASS	243P	-1772.976505	-1788.203305	30.4536	negative
A	A	158	A	S	23	1552	3.26559	1	0.066218807	1.179018648	reversion	S:23	97	"C:1; S:91; T:5"	56	50.12454876	6.9318	0.051	1	0.083265306	NOT PASS	158A	-1517.362313	-1526.980007	19.235388	positive
K	K	65	R	K	10	11	0.16733	1	0.618113716	0.208931619	parallel	K:10	0		19	5.45114775	5.5515	0.0542	1	0.087891892	NOT PASS	65R	-1061.343844	-1063.40509	4.122492	positive
K	K	101	Q	K	14	19	1.05893	1	0.197898249	0.703558047	parallel	K:14	0		20	8.99556816	8.4572	0.0546	1	0.087946309	NOT PASS	101Q	-1082.055592	-1081.929137	-0.25291	positive
V	V	179	E	V	10	27	3.26559	1	0.033627356	1.473307282	parallel	V:10	3	"D:2; V:1"	32	7.52091616	5.2872	0.059	1	0.0944	NOT PASS	179E	-1076.277158	-1074.034782	-4.484752	positive
V	V	179	I	V	92	282	3.26559	1	0.579999708	0.236572225	convergent	"T:1; V:91"	31	"L:1; S:1; T:5; V:24"	116	208.5643667	72.3177	0.0639	1	0.101562914	NOT PASS	179I	-1491.563192	-1481.526643	-20.073098	positive
E	E	169	A	E	12	15	3.26559	1	0.056249115	1.249884306	convergent	"D:4; E:8"	0		36	8.81634279	7.0189	0.0647	1	0.102157895	NOT PASS	169A	-1076.643392	-1075.058942	-3.1689	positive
T	E	39	L	T	32	44	7.25365	2	0.001245533	2.904644792	convergent	"A:1; H:1; K:6; M:3; N:1; R:2; T:18"	1	S:1	74	93.93948671	14.3927	0.0744	1	0.116705882	NOT PASS	39L	-1177.110907	-1171.849999	-10.521816	positive
S	S	162	S	C	34	1283	7.25365	1	0.049989754	1.301119001	convergent	"A:1; C:27; H:3; Y:3"	216	"A:69; C:101; D:5; F:5; H:14; N:13; Q:1; T:1; W:1; Y:6"	74	100.4693212	17.8626	0.0801	1	0.124831169	NOT PASS	162S	-1820.321568	-1826.087341	11.531546	negative
G	G	196	K	G	11	13	3.26806	2	0.020014985	1.698644729	convergent	"E:2; G:8; R:1"	0		47	26.14923696	5.3452	0.0835	1	0.129290323	NOT PASS	196K	-1083.932198	-1080.208686	-7.447024	negative
T	T	69	S	T	16	17	1.05893	1	0.25416102	0.594891055	parallel	T:16	0		28	11.89922399	10.7449	0.0872	1	0.134153846	NOT PASS	69S	-1094.954203	-1095.124408	0.34041	positive
M	M	184	M	V	6	1452	3.266	1	0.224075563	0.649605504	reversion	V:6	228	"I:3; V:225"	20	5.49316544	2.2384	0.0948	1	0.144759494	NOT PASS	184M	-1283.199253	-1669.566134	772.733762	negative
E	E	194	D	E	16	20	1.05893	1	0.402012104	0.39576087	parallel	E:16	0		25	11.57979264	11.0144	0.0953	1	0.144759494	NOT PASS	194D	-1103.314177	-1096.635135	-13.358084	positive
E	E	207	E	A	30	746	7.25365	1	0.047542865	1.322914653	convergent	"A:21; D:5; G:1; Q:3"	236	"A:59; D:30; G:30; I:1; K:48; M:1; N:27; Q:30; R:1; S:6; T:2; V:1"	78	120.4887795	14.0743	0.0986	1	0.148830189	NOT PASS	207E	-1762.514073	-1778.684262	32.340378	negative
V	V	179	V	I	25	1486	3.26559	1	0.656285419	0.182907245	convergent	"E:1; I:24"	123	"A:1; D:11; E:10; F:2; I:91; L:1; M:1; T:6"	73	88.35614144	10.4184	0.1001	1	0.15015	NOT PASS	179V	-1593.814376	-1589.244343	-9.140066	negative
K	K	43	K	E	28	1507	3.26558	1	0.175231742	0.756387222	convergent	"E:26; R:2"	94	"A:2; E:37; N:3; Q:11; R:41"	74	101.4610919	12.3197	0.1019	1	0.151259259	NOT PASS	43K	-1584.510073	-1578.797977	-11.424192	negative
I	I	135	R	I	17	21	7.25365	1	0.025057636	1.601059908	convergent	"I:14; T:3"	0		88	39.34155104	10.3664	0.1021	1	0.151259259	NOT PASS	135R	-1111.074358	-1106.42245	-9.303816	negative
T	T	215	T	Y	4	1715	1.05893	2	0.001589194	2.798823004	reversion	Y:4	64	"A:2; D:1; F:29; Y:32"	17	4.24884775	1.3235	0.1086	1	0.159219512	NOT PASS	215T	-1290.853909	-1357.250296	132.792774	negative
T	E	39	Q	K	14	14	7.25365	1	0.197898249	0.703558047	convergent	"E:2; K:8; N:1; T:3"	0		39	27.46590399	6.8551	0.1088	1	0.159219512	NOT PASS	39Q	-1088.543484	-1083.582676	-9.921616	positive
Q	Q	245	Q	K	18	1052	7.25365	1	0.197898249	0.703558047	convergent	"E:8; K:10"	191	"E:47; H:11; I:1; K:66; L:6; M:25; N:3; P:1; R:1; T:14; V:16"	55	43.67583959	8.9429	0.116	1	0.168727273	NOT PASS	245Q	-1833.843108	-1826.76066	-14.164896	negative
T	E	39	M	T	17	20	7.25365	1	0.140590268	0.852044742	convergent	"K:2; T:15"	8	"L:3; N:1; T:4"	31	21.37377775	11.1585	0.1236	1	0.178698795	NOT PASS	39M	-1116.446331	-1111.204185	-10.484292	positive
T	A	173	A	T	100	641	7.25365	1	0.453004105	0.343897863	convergent	"I:3; S:41; T:56"	163	"E:9; G:1; I:5; K:9; L:8; M:2; N:1; R:1; S:8; T:107; V:12"	150	482.9568207	73.3077	0.1247	1	0.179209581	NOT PASS	173A	-1827.005846	-1830.373498	6.735304	negative
F	F	214	F	L	8	1543	3.26559	1	0.447105824	0.349589673	reversion	L:8	162	L:162	28	13.50739159	3.4971	0.1298	1	0.185428571	NOT PASS	214F	-1661.841542	-1665.388032	7.09298	negative
K	K	49	K	R	24	1536	3.26559	1	0.716540366	0.144759339	reversion	R:24	164	"I:1; Q:1; R:162"	67	97.14107151	12.1457	0.1335	1	0.189585799	NOT PASS	49K	-1722.021889	-1716.775145	-10.493488	negative
E	E	169	E	D	8	1714	3.26559	1	0.236536969	0.626100972	reversion	D:8	66	"A:8; D:44; G:1; H:1; K:6; Q:4; R:1; T:1"	45	25.39445136	3.9692	0.1522	1	0.214465116	NOT PASS	169E	-1360.088914	-1356.107183	-7.963462	negative
I	I	178	I	M	64	1311	7.25365	1	0.117539057	0.929817799	reversion	M:64	232	"F:2; L:103; M:104; V:23"	139	435.2161744	41.3758	0.153	1	0.214465116	NOT PASS	178I	-1969.202301	-1969.136173	-0.132256	negative
I	I	142	I	V	24	1516	3.26559	1	0.579999708	0.236572225	reversion	V:24	191	"K:3; T:24; V:164"	70	109.7136636	13.0379	0.1537	1	0.214465116	NOT PASS	142I	-1806.876918	-1806.871755	-0.010326	negative
P	P	4	P	S	3	1545	3.26559	1	0.144384401	0.840479723	convergent	"H:1; S:2"	57	"H:11; K:2; N:1; Q:3; S:30; T:10"	20	3.63283919	1.2991	0.1713	1	0.237641618	NOT PASS	4P	-1511.512102	-1506.453449	-10.117306	negative
T	E	39	T	K	43	374	7.25365	1	0.141196517	0.850176016	convergent	"A:3; E:4; K:23; M:4; N:9"	155	"A:55; D:1; E:5; I:5; K:26; L:18; M:15; N:14; Q:3; R:9; S:4"	100	202.8579027	29.6473	0.1819	1	0.250148571	NOT PASS	39T	-1537.107967	-1531.047252	-12.12143	positive
E	E	6	D	E	36	103	3.26559	1	0.402012104	0.39576087	parallel	E:36	7	"E:6; K:1"	54	42.81999919	29.6241	0.1824	1	0.250148571	NOT PASS	6D	-1343.205895	-1336.570843	-13.270104	negative
K	K	11	S	T	9	10	3.26559	1	0.25416102	0.594891055	convergent	"A:1; K:1; T:7"	1	T:1	46	18.09084631	5.9787	0.1853	1	0.252681818	NOT PASS	11S	-1068.287829	-1064.391218	-7.793222	negative
K	K	211	A	K	13	14	7.25365	2	0.000151128	3.820654927	convergent	"K:9; R:2; S:2"	0		81	77.40193104	9.4836	0.1929	1	0.261559322	NOT PASS	211A	-1086.225651	-1080.861085	-10.729132	positive
E	E	207	T	A	12	13	7.25365	1	0.510886411	0.291675649	convergent	"A:9; E:2; N:1"	0		69	48.82466064	8.5956	0.1976	1	0.266426966	NOT PASS	207T	-1080.497606	-1076.094476	-8.80626	negative
T	T	35	R	T	7	11	1.05893	1	0.081637098	1.088112442	convergent	"M:1; T:6"	0		31	6.49682791	4.8797	0.2165	1	0.29027933	NOT PASS	35R	-1056.460896	-1052.355361	-8.21107	positive
E	E	6	E	D	6	1419	3.26559	1	0.236536969	0.626100972	reversion	D:6	100	"A:5; D:36; G:1; K:45; N:4; Q:3; S:2; T:4"	39	24.91286199	3.9349	0.2222	1	0.296266667	NOT PASS	6E	-1526.881034	-1522.405309	-8.95145	negative
A	A	200	K	T	13	17	7.25365	1	0.1329396	0.876345632	convergent	"A:5; E:1; I:1; T:6"	0		71	50.065056	9.612	0.244	1	0.323535912	NOT PASS	200K	-1088.532713	-1082.2559	-12.553626	positive
V	V	189	I	V	7	10	0.16733	1	0.579999708	0.236572225	parallel	V:7	0		16	5.03759975	5.0995	0.2483	1	0.326819672	NOT PASS	189I	-1057.994749	-1052.081611	-11.826276	positive
D	D	121	D	Y	9	1530	3.26559	1	0.010147983	1.993620271	reversion	Y:9	140	"A:1; C:5; E:1; H:97; N:2; Y:34"	42	36.11746496	6.2752	0.2492	1	0.326819672	NOT PASS	121D	-1594.262666	-1588.904862	-10.715608	negative
A	A	200	I	T	35	55	7.25365	1	0.245085742	0.610681954	convergent	"A:4; T:31"	6	"K:1; M:2; R:1; T:2"	138	270.2617071	28.1483	0.2542	1	0.330032432	NOT PASS	200I	-1211.844941	-1207.689079	-8.311724	negative
T	A	173	R	I	32	44	7.25365	1	0.025057636	1.601059908	convergent	"A:1; I:14; K:5; S:1; T:11"	6	"K:4; S:1; T:1"	108	148.1069152	27.7559	0.2544	1	0.330032432	NOT PASS	173R	-1189.818541	-1183.910955	-11.815172	positive
G	G	196	G	E	3	1614	3.26806	1	0.149142648	0.82639815	reversion	E:3	123	"A:1; D:2; E:98; K:8; M:1; Q:2; R:8; S:2; V:1"	25	6.975	2.04	0.2752	1	0.353197861	NOT PASS	196G	-1535.109381	-1528.337522	-13.543718	negative
E	E	204	E	K	5	1748	3.24331	1	0.139485748	0.855470165	reversion	K:5	56	"D:11; K:35; Q:8; R:2"	47	24.81195471	3.9023	0.2752	1	0.353197861	NOT PASS	204E	-1341.74067	-1339.286959	-4.907422	negative
I	I	135	I	T	50	1160	7.25365	1	0.245085742	0.610681954	convergent	"T:43; V:7"	337	"K:2; L:21; M:6; R:14; T:199; V:95"	150	433.3290567	41.3427	0.2969	1	0.379021277	NOT PASS	135I	-2053.536908	-2058.67743	10.281044	negative
T	A	173	E	A	11	14	7.25365	1	0.047542865	1.322914653	convergent	"A:9; K:2"	2	K:2	51	30.39745244	9.2266	0.3063	1	0.388952381	NOT PASS	173E	-1080.192637	-1074.102334	-12.180606	positive
K	K	211	S	R	19	449	7.25365	1	0.121902963	0.913985739	convergent	"K:9; R:10"	89	"A:2; C:1; D:1; G:2; H:2; I:1; K:30; N:14; R:33; T:3"	70	67.51273596	16.9102	0.3227	1	0.407621053	NOT PASS	211S	-1390.988426	-1385.766624	-10.443604	positive
V	V	179	T	V	11	15	3.26559	2	0.023189198	1.634714262	convergent	"I:5; V:6"	1	I:1	49	34.51529084	9.8946	0.3558	1	0.447078534	NOT PASS	179T	-1074.874272	-1071.431648	-6.885248	positive
E	E	122	E	K	15	1485	7.25365	1	0.139485748	0.855470165	reversion	K:15	196	"A:9; D:2; I:1; K:165; P:11; Q:2; R:1; V:5"	90	124.5323111	14.1667	0.3592	1	0.449	NOT PASS	122E	-1748.404008	-1746.507901	-3.792214	negative
P	P	243	S	P	21	23	3.26559	1	0.13131945	0.881670944	parallel	P:21	1	T:1	41	22.22322716	18.9722	0.3632	1	0.451647668	NOT PASS	243S	-1124.755639	-1119.920182	-9.670914	negative
Y	Y	181	Y	C	3	1692	3.26559	1	0.080732376	1.092952267	reversion	C:3	111	"C:102; F:1; I:6; V:2"	35	16.301124	3.174	0.3857	1	0.477154639	NOT PASS	181Y	-1332.764366	-1432.981238	200.433744	negative
E	E	207	D	E	57	76	7.25365	1	0.402012104	0.39576087	convergent	"A:25; E:30; N:2"	24	"A:7; E:5; G:2; N:10"	94	137.00382	52.5999	0.3954	1	0.486646154	NOT PASS	207D	-1303.620548	-1297.06906	-13.102976	negative
V	V	106	A	V	12	12	1.05893	1	0.248960205	0.603870067	parallel	V:12	0		28	11.82007264	10.9144	0.4178	1	0.511591837	NOT PASS	106A	-1068.450641	-1073.337473	9.773664	positive
E	E	207	G	E	40	48	7.25365	1	0.149142648	0.82639815	convergent	"A:5; D:2; E:30; K:1; S:2"	4	"A:1; E:1; N:1; S:1"	65	63.84709791	37.8297	0.4248	1	0.517522843	NOT PASS	207G	-1212.194226	-1205.142625	-14.103202	negative
P	P	4	T	P	10	11	3.26559	1	0.049185271	1.308164932	parallel	P:10	0		42	17.61750775	9.4565	0.4301	1	0.521333333	NOT PASS	4T	-1070.165307	-1065.661461	-9.007692	negative
I	I	135	V	I	99	119	7.25365	1	0.656285419	0.182907245	convergent	"I:95; M:1; T:3"	7	I:7	165	596.666068	93.9649	0.4482	1	0.540542714	NOT PASS	135V	-1404.230334	-1396.534463	-15.391742	positive
T	E	39	R	K	26	26	7.25365	1	0.618113716	0.208931619	convergent	"K:16; N:1; T:9"	3	"E:1; L:2"	113	157.3059416	27.7471	0.4819	1	0.57828	NOT PASS	39R	-1142.045661	-1136.446501	-11.19832	positive
V	V	106	I	V	30	38	1.05893	1	0.579999708	0.236572225	parallel	V:30	2	"M:1; V:1"	54	36.45593399	29.2949	0.4898	1	0.584835821	NOT PASS	106I	-1166.260625	-1162.83409	-6.85307	positive
E	E	177	E	D	11	1547	7.25365	1	0.236536969	0.626100972	reversion	D:11	191	"A:2; D:163; G:20; K:3; N:2; Q:1"	87	126.351398	14.2514	0.5213	1	0.618325123	NOT PASS	177E	-1747.249624	-1746.215762	-2.067724	positive
T	A	173	M	I	11	12	7.25365	1	0.414606461	0.382363935	convergent	"A:2; I:6; T:3"	0		39	21.52930204	11.1786	0.523	1	0.618325123	NOT PASS	173M	-1076.684222	-1073.58663	-6.195184	positive
T	E	39	A	T	70	93	7.25365	1	0.453004105	0.343897863	convergent	"E:12; K:3; T:55"	7	"D:1; E:1; K:1; L:1; T:3"	138	471.8716526	72.9356	0.5666	1	0.666588235	NOT PASS	39A	-1331.380582	-1323.592204	-15.576756	positive
E	E	204	Q	E	9	10	3.24331	1	0.097214692	1.012268094	convergent	"E:8; K:1"	1	K:1	26	11.84310959	9.8321	0.6335	1	0.738174757	NOT PASS	204Q	-1065.09131	-1060.084327	-10.013966	positive
I	I	142	T	I	25	27	3.26559	1	0.318624131	0.496721336	convergent	"I:24; V:1"	0		59	44.85587775	26.6665	0.6336	1	0.738174757	NOT PASS	142T	-1137.750074	-1135.025961	-5.448226	positive
K	K	20	K	R	7	1423	3.26559	1	0.716540366	0.144759339	reversion	R:7	149	"E:1; Q:1; R:147"	75	104.9425995	12.4993	0.6642	1	0.770086957	NOT PASS	20K	-1770.646692	-1772.175217	3.05705	negative
S	S	162	D	S	9	10	7.25365	2	0.014182514	1.848246771	convergent	"H:1; S:5; Y:3"	0		70	94.94045279	14.4439	0.7151	1	0.825115385	NOT PASS	162D	-1060.166242	-1060.904439	1.476394	positive
E	E	36	D	E	26	32	3.26559	1	0.402012104	0.39576087	parallel	E:26	0		57	42.92350524	29.5574	0.7441	1	0.8544689	NOT PASS	36D	-1154.784326	-1148.502097	-12.564458	positive
K	K	64	R	K	27	27	1.05036	1	0.618113716	0.208931619	parallel	K:27	0		54	42.04729599	30.8951	0.7619	1	0.870742857	NOT PASS	64R	-1147.865037	-1142.657751	-10.414572	positive
T	T	139	S	T	8	12	1.05893	1	0.25416102	0.594891055	parallel	T:8	0		27	11.34421639	10.6019	0.8196	1	0.932246445	NOT PASS	139S	-1065.955247	-1062.273378	-7.363738	positive
D	S	123	E	D	58	110	7.25365	1	0.236536969	0.626100972	convergent	"D:50; G:2; N:3; S:3"	13	"D:11; G:2"	130	380.3696604	77.0366	0.8379	1	0.948566038	NOT PASS	123E	-1304.771484	-1300.407921	-8.727126	positive
I	V	60	V	I	47	1192	3.26559	1	0.656285419	0.182907245	parallel	I:47	187	"E:1; I:186"	101	180.715992	61.5401	0.8536	1	0.959439252	NOT PASS	60V	-1808.51004	-1800.654275	-15.71153	negative
K	K	174	E	K	23	24	7.25365	1	0.139485748	0.855470165	convergent	"K:18; Q:5"	1	A:1	78	78.18966556	32.0462	0.8555	1	0.959439252	NOT PASS	174E	-1131.652455	-1126.275065	-10.75478	positive
E	E	122	A	E	10	10	7.25365	1	0.056249115	1.249884306	convergent	"E:9; K:1"	1	P:1	68	27.99970524	15.0574	0.8934	1	0.997283721	NOT PASS	122A	-1070.563696	-1065.8649	-9.397592	negative
T	A	173	V	A	14	16	7.25365	1	0.24437485	0.611943491	convergent	"A:12; I:1; T:1"	0		125	227.3825219	29.2553	0.9053	1	0.9998	NOT PASS	173V	-1091.142597	-1087.524176	-7.236842	negative
K	K	43	Q	K	14	16	3.26558	1	0.197898249	0.703558047	convergent	"E:3; K:11"	0		46	30.455836	21.758	0.9337	1	0.9998	NOT PASS	43Q	-1088.635971	-1086.437714	-4.396514	positive
K	K	11	Q	K	14	15	3.26559	1	0.197898249	0.703558047	convergent	"K:13; T:1"	0		44	30.46661311	21.8633	0.9364	1	0.9998	NOT PASS	11Q	-1087.433272	-1085.303457	-4.25963	negative
V	V	75	I	V	20	23	1.05893	1	0.579999708	0.236572225	parallel	V:20	0		51	36.68774311	29.3117	0.9455	1	0.9998	NOT PASS	75I	-1100.591303	-1105.716968	10.25133	positive
T	A	173	I	T	27	193	7.25365	1	0.245085742	0.610681954	convergent	"A:5; K:1; S:1; T:20"	44	"A:3; K:2; L:5; M:6; R:14; S:1; T:12; V:1"	124	227.6428531	51.5367	0.9544	1	0.9998	NOT PASS	173I	-1286.684644	-1281.596182	-10.176924	negative
Q	Q	245	H	Q	11	11	7.25365	1	0.200670975	0.697515439	parallel	Q:11	1	C:1	45	27.87885119	19.7641	0.9628	1	0.9998	NOT PASS	245H	-1074.177969	-1071.438642	-5.478654	negative
K	K	174	R	K	52	56	7.25365	1	0.618113716	0.208931619	convergent	"K:33; Q:19"	3	"G:2; K:1"	197	886.9395398	108.1605	0.9642	1	0.9998	NOT PASS	174R	-1254.799399	-1250.857927	-7.882944	negative
K	K	43	R	K	41	53	3.26558	1	0.618113716	0.208931619	parallel	K:41	2	K:2	118	271.252085	73.2748	0.966	1	0.9998	NOT PASS	43R	-1216.715212	-1215.54423	-2.341964	negative
K	K	174	N	K	16	16	7.25365	1	0.238916215	0.621754374	convergent	"K:13; Q:3"	0		81	82.32496999	32.5251	0.9686	1	0.9998	NOT PASS	174N	-1101.078597	-1095.262105	-11.632984	positive
K	K	32	R	K	19	19	1.05893	1	0.618113716	0.208931619	parallel	K:19	0		56	42.85182831	31.3263	0.9718	1	0.9998	NOT PASS	32R	-1113.339148	-1109.905869	-6.866558	positive
K	K	211	N	S	16	17	7.25365	1	0.352923717	0.452319155	convergent	"K:2; S:14"	0		73	80.89964816	32.7428	0.9747	1	0.9998	NOT PASS	211N	-1100.904401	-1094.795682	-12.217438	positive
K	K	238	R	K	18	210	1.05893	1	0.618113716	0.208931619	parallel	K:18	37	K:37	54	41.18263856	31.0988	0.9783	1	0.9998	NOT PASS	238R	-1243.696329	-1237.681215	-12.030228	negative
E	E	177	G	E	20	24	7.25365	1	0.149142648	0.82639815	parallel	E:20	0		67	63.15605116	38.0122	0.9851	1	0.9998	NOT PASS	177G	-1124.156928	-1118.948778	-10.4163	negative
K	K	102	R	K	16	17	1.05893	1	0.618113716	0.208931619	parallel	K:16	0		55	42.22909696	31.3048	0.9898	1	0.9998	NOT PASS	102R	-1100.414011	-1095.918376	-8.99127	positive
T	A	173	S	A	16	220	7.25365	1	0.079155091	1.101521149	convergent	"A:8; I:1; K:1; L:1; R:1; T:4"	94	"A:41; I:1; K:5; L:38; R:1; T:8"	82	123.3442294	42.7584	0.9953	1	0.9998	NOT PASS	173S	-1329.159999	-1322.402252	-13.515494	positive
I	I	135	L	I	23	24	7.25365	1	0.22045713	0.65667585	convergent	"I:21; T:2"	0		107	215.4497564	61.2434	0.9963	1	0.9998	NOT PASS	135L	-1122.12115	-1122.208612	0.174924	positive
E	E	204	D	E	11	12	3.24331	1	0.402012104	0.39576087	parallel	E:11	0		52	42.56687964	29.3994	0.997	1	0.9998	NOT PASS	204D	-1075.928667	-1071.696893	-8.463548	negative
S	S	162	N	S	14	14	7.25365	1	0.352923717	0.452319155	convergent	"S:13; Y:1"	2	"H:1; Y:1"	93	195.7175472	53.1722	0.9973	1	0.9998	NOT PASS	162N	-1089.359438	-1086.326355	-6.066166	positive
K	K	249	R	K	11	11	0.97121	1	0.618113716	0.208931619	parallel	K:11	0		52	37.76359004	28.8886	0.9976	1	0.9998	NOT PASS	249R	-1073.814701	-1070.351298	-6.926806	positive
K	K	101	R	K	9	10	1.05893	1	0.618113716	0.208931619	parallel	K:9	0		55	42.61243004	31.1886	0.9987	1	0.9998	NOT PASS	101R	-1070.994486	-1069.787128	-2.414716	positive
T	E	39	S	K	12	12	7.25365	2	0.015237062	1.817098757	convergent	"K:4; L:1; N:3; T:4"	0		88	125.8147575	42.6557	0.9988	1	0.9998	NOT PASS	39S	-1078.533407	-1072.968229	-11.130356	positive
I	I	178	V	I	24	26	7.25365	1	0.656285419	0.182907245	convergent	"I:23; L:1"	0		172	605.701206	94.3451	0.9991	1	0.9998	NOT PASS	178V	-1131.642084	-1126.033846	-11.216476	positive
K	K	211	E	K	7	10	7.25365	1	0.139485748	0.855470165	parallel	K:7	0		73	77.52697279	32.0439	0.9994	1	0.9998	NOT PASS	211E	-1054.673434	-1051.197126	-6.952616	positive
K	K	11	R	K	11	11	3.26559	1	0.618113716	0.208931619	convergent	"K:9; T:2"	0		120	280.1185942	73.5024	0.9997	1	0.9998	NOT PASS	11R	-1072.151968	-1069.948143	-4.40765	negative
K	K	103	R	K	15	17	3.26559	1	0.618113716	0.208931619	convergent	"K:14; N:1"	0		120	272.7399438	73.6925	0.9998	1	0.9998	NOT PASS	103R	-1098.363798	-1095.097131	-6.533334	positive
