Sites	Indel_prop	Indel_prop(ConvLeaves)	PCOC	PC	OC
1	0.862725940401	0.802235597592	9.11092772331e-34	0.87933469283	5.03463397281e-32
2	0.862237420616	0.802235597592	5.44515328499e-23	0.047225264595	2.33662021402e-20
3	0.86174890083	0.801375752365	1.15325292311e-30	0.275283993509	4.47459955362e-28
4	0.86174890083	0.801375752365	1.07165622355e-22	0.568988600038	3.4003741569e-23
5	0.861260381045	0.800515907137	1.5076760481e-29	0.72828356743	8.02304665364e-26
6	0.85979482169	0.800515907137	9.49892770625e-39	0.710599921783	1.89678519282e-36
7	0.858329262335	0.800515907137	6.07389202914e-15	7.31471573502e-05	4.39668533681e-10
8	0.839276990718	0.76698194325	1.22565098578e-24	0.578917649129	4.69797450357e-21
9	0.839765510503	0.767841788478	1.71745256722e-32	0.122865918978	3.25609349592e-29
10	0.839765510503	0.767841788478	3.22221587886e-24	0.0899709619259	6.01445813605e-23
11	0.828529555447	0.748065348237	3.41290499677e-48	0.362698182332	1.44956376614e-50
12	0.820713238886	0.735167669819	2.59913867334e-27	0.415378535179	6.96504294343e-20
13	0.819736199316	0.734307824592	3.70853547222e-16	0.138055062987	2.28488134152e-13
14	0.817782120176	0.732588134136	3.32781972943e-26	0.48253194895	5.09930180212e-24
15	0.817293600391	0.732588134136	1.67222205553e-39	0.519656371517	6.52349530552e-52
16	0.780654616512	0.691315563199	1.19846076717e-52	0.478279376518	1.6888428102e-57
17	0.770395701026	0.674978503869	5.05015513072e-61	0.287165801095	2.07641643298e-61
18	0.761602344895	0.660361134996	3.32820347683e-77	0.0371837772167	9.17210150479e-68
19	0.695652173913	0.599312123818	3.23272032499e-73	0.616556231835	2.13964973079e-67
20	0.584758182706	0.420464316423	3.63014427605e-117	0.0284296827595	9.40549878682e-111
21	0.582804103566	0.418744625967	6.96479952874e-88	2.73713344459e-06	9.34053948566e-89
22	0.576453346361	0.411006018917	7.83195303942e-189	0.470962808568	1.98789544057e-186
23	0.567171470445	0.394668959587	5.31423837935e-146	0.382788440504	6.85053195395e-140
24	0.564240351734	0.38950988822	9.83142492879e-113	0.837312317291	1.03350945949e-105
25	0.542745481192	0.376612209802	1.28856657108e-112	1.04123017223e-25	2.0081669615e-78
26	0.530043966781	0.36543422184	7.03470187742e-121	5.2628491125e-06	3.70551091197e-112
27	0.500732779678	0.315563198624	9.79411207616e-109	0.391722694962	9.11168662353e-105
28	0.475329750855	0.274290627687	1.49997479784e-136	0.0468279984406	1.57894097524e-127
29	0.453834880313	0.263112639725	2.35616626399e-177	8.0978082691e-08	4.04099401051e-161
30	0.42452369321	0.236457437661	3.93822246265e-150	0.00201187017499	1.6194470374e-138
31	0.408891060088	0.229578675838	7.38903379964e-202	0.352216988213	8.68432520064e-182
32	0.404494382022	0.224419604471	9.66153351323e-269	0.520719585013	2.67581001157e-254
33	0.345872007816	0.183147033534	1.5564477234e-242	0.477561838758	2.37283919045e-216
34	0.338544211041	0.173688736028	0.0	0.696513314391	0.0
35	0.336101612115	0.171109200344	1.82339826167e-251	0.207644956021	1.73742390458e-228
36	0.311187103078	0.154772141015	2.41818539278e-275	0.303260465776	4.13815564545e-257
37	0.306790425012	0.151332760103	0.0	3.02713783161e-05	0.0
38	0.290669272106	0.147033533964	0.0	0.000318978271402	0.0
39	0.276013678554	0.141014617369	0.0	0.0093195560082	0.0
40	0.272594040059	0.140154772141	0.0	0.263483653145	7.89026367711e-279
41	0.262823644358	0.140154772141	0.0	0.494278430433	0.0
42	0.257938446507	0.139294926913	0.0	5.53106037048e-31	0.0
43	0.257449926722	0.138435081685	0.0	0.486536537295	0.0
44	0.255984367367	0.138435081685	0.0	0.254059151154	0.0
45	0.255007327797	0.137575236457	2.59154579693e-272	0.0383098033996	7.43923271478e-247
46	0.194919394235	0.134135855546	0.0	0.497685858394	0.0
47	0.19443087445	0.134135855546	6.73232396817e-306	0.483686898828	8.60846820769e-282
48	0.19149975574	0.133276010318	0.0	0.00277301862915	4.73389850159e-290
49	0.190034196385	0.133276010318	0.0	0.0906213603566	1.33790438144e-295
50	0.190034196385	0.133276010318	0.0	0.384698606988	0.0
51	0.173913043478	0.133276010318	0.0	0.770725960089	0.0
52	0.171958964338	0.133276010318	0.0	0.0279211585433	0.0
53	0.168539325843	0.133276010318	0.0	0.3884299991	0.0
54	0.167562286273	0.133276010318	0.0	0.341472679266	0.0
55	0.167562286273	0.133276010318	0.0	0.391218097086	0.0
56	0.167562286273	0.133276010318	0.0	0.449556005531	7.12138074025e-293
57	0.167562286273	0.133276010318	0.0	0.481490473856	0.0
58	0.167562286273	0.133276010318	0.0	0.0219942381376	0.0
59	0.163654127992	0.128976784179	0.0	0.000149269189252	0.0
60	0.163654127992	0.128976784179	0.0	0.473614446698	6.14626668464e-294
61	0.163165608207	0.128976784179	0.0	0.481591179184	0.0
62	0.163165608207	0.128976784179	0.0	0.143962578055	0.0
63	0.163165608207	0.128976784179	0.0	0.00708493293214	0.0
64	0.163165608207	0.128976784179	0.0	0.45616654695	2.32491095858e-295
65	0.163165608207	0.128976784179	0.0	0.456168430071	4.62806157943e-297
66	0.163165608207	0.128976784179	0.0	0.481591179184	0.0
67	0.163165608207	0.128976784179	0.0	0.327546609241	3.31173238867e-290
68	0.162188568637	0.128116938951	0.0	0.48017140197	1.31831714298e-306
69	0.162188568637	0.128116938951	0.0	0.0011378529169	0.0
70	0.162188568637	0.128116938951	0.0	0.00144175245154	0.0
71	0.161700048852	0.128116938951	0.0	1.85897392676e-11	0.0
72	0.161211529067	0.128116938951	0.0	0.455849525415	1.05632432925e-298
73	0.161211529067	0.128116938951	0.0	0.00609487974474	0.0
74	0.160723009282	0.127257093723	0.0	0.479513621795	0.0
75	0.160723009282	0.127257093723	0.0	0.0856292746927	8.04220615645e-299
76	0.161211529067	0.128116938951	0.0	1.39142044469e-05	0.0
77	0.160723009282	0.127257093723	0.0	0.493678910648	0.0
78	0.160723009282	0.127257093723	0.0	0.494368073024	0.0
79	0.160234489497	0.126397248495	0.0	0.610422990933	1.91916292774e-311
80	0.160234489497	0.126397248495	0.0	0.315874219833	0.0
81	0.160234489497	0.126397248495	0.0	0.322565739249	0.0
82	0.160234489497	0.126397248495	0.0	0.48719714678	0.0
83	0.160234489497	0.126397248495	0.0	0.517250347089	0.0
84	0.160234489497	0.126397248495	0.0	0.013328240821	0.0
85	0.160234489497	0.126397248495	0.0	0.311286348292	0.0
86	0.160234489497	0.126397248495	0.0	0.162422425291	0.0
87	0.160234489497	0.126397248495	0.0	0.00280008780816	0.0
88	0.160234489497	0.126397248495	0.0	0.502694933868	0.0
89	0.160234489497	0.126397248495	0.0	0.493638480477	0.0
90	0.159745969712	0.125537403267	0.0	0.0053027881651	3.39788878728e-304
91	0.159745969712	0.125537403267	0.0	0.449141057789	2.32409212336e-304
92	0.159745969712	0.125537403267	0.0	0.000408031765107	0.0
93	0.159745969712	0.125537403267	0.0	3.67766712283e-05	0.0
94	0.159745969712	0.125537403267	0.0	0.494322250965	0.0
95	0.159745969712	0.125537403267	0.0	0.163189800904	0.0
96	0.159745969712	0.125537403267	0.0	0.0181941851335	0.0
97	0.159745969712	0.125537403267	0.0	0.493730896291	0.0
98	0.159745969712	0.125537403267	0.0	0.485501071524	0.0
99	0.159745969712	0.125537403267	0.0	0.258407917548	0.0
100	0.159745969712	0.125537403267	0.0	0.999164693365	0.0
101	0.159745969712	0.125537403267	0.0	0.624758314503	0.0
102	0.159745969712	0.125537403267	0.0	0.0125480127591	0.0
103	0.159745969712	0.125537403267	0.0	2.4221653635e-05	0.0
104	0.160234489497	0.126397248495	0.0	0.139988328461	0.0
105	0.159745969712	0.125537403267	0.0	0.535011054193	3.4382225752e-309
106	0.159745969712	0.125537403267	0.0	0.48606248449	0.0
107	0.159745969712	0.125537403267	0.0	0.355810476919	0.0
108	0.159745969712	0.125537403267	0.0	0.398148693338	0.0
109	0.159745969712	0.125537403267	0.0	0.493637083267	0.0
110	0.159745969712	0.125537403267	0.0	0.999983587296	0.0
111	0.159745969712	0.125537403267	0.0	0.933636112824	0.0
112	0.159745969712	0.125537403267	0.0	2.50879093439e-11	0.0
113	0.159745969712	0.125537403267	0.0	0.0241552936829	5.19881262e-290
114	0.159745969712	0.125537403267	0.0	0.617524397024	0.0
115	0.159745969712	0.125537403267	0.0	0.0332231994955	0.0
116	0.159745969712	0.125537403267	0.0	0.267040545208	7.88162572739e-298
117	0.159745969712	0.125537403267	0.0	0.256076491149	0.0
118	0.159745969712	0.125537403267	0.0	0.999843032887	0.0
119	0.159745969712	0.125537403267	0.0	0.455719707696	4.93374105492e-299
120	0.159745969712	0.125537403267	0.0	0.0350116543151	0.0
121	0.159745969712	0.125537403267	0.0	5.98745253479e-25	0.0
122	0.159745969712	0.125537403267	0.0	0.453986338474	0.0
123	0.159745969712	0.125537403267	0.0	0.480725970148	0.0
124	0.159745969712	0.125537403267	0.0	0.0499648380829	0.0
125	0.159745969712	0.125537403267	0.0	1.13766842746e-05	0.0
126	0.160234489497	0.125537403267	0.0	0.722360653787	1.38983873402e-301
127	0.160234489497	0.125537403267	0.0	0.447336849603	1.2890008385e-305
128	0.158768930142	0.12467755804	0.0	0.639356003728	0.0
129	0.157303370787	0.122098022356	0.0	0.44017541627	0.0
130	0.154860771861	0.122098022356	0.0	0.370621375795	0.0
131	0.148021494871	0.1203783319	0.0	0.0624293982686	0.0
132	0.147532975085	0.1203783319	0.0	0.00185528233595	0.0
133	0.14020517831	0.10834049871	0.0	0.0279340080357	0.0
134	0.14020517831	0.10834049871	0.0	0.522933349024	0.0
135	0.128480703468	0.0894239036973	0.0	0.708580089776	0.0
136	0.127503663898	0.0885640584695	0.0	0.586932339426	0.0
137	0.119198827553	0.0748065348237	0.0	6.74087692733e-06	0.0
138	0.118710307767	0.0748065348237	0.0	0.384789159991	0.0
139	0.0385930630191	0.0206362854686	0.0	0.0220553040706	0.0
140	0.0366389838788	0.0197764402408	0.0	0.544272735891	0.0
141	0.0346849047386	0.018056749785	0.0	0.186700905962	0.0
142	0.0327308255984	0.018056749785	0.0	0.577905802115	0.0
143	0.0312652662433	0.0154772141015	0.0	0.479936023462	0.0
144	0.0312652662433	0.0154772141015	0.0	0.491274519822	0.0
145	0.0312652662433	0.0154772141015	0.0	0.883580657594	0.0
146	0.0307767464582	0.0154772141015	0.0	0.0	0.0
147	0.0302882266732	0.0154772141015	0.0	0.0153591758025	0.0
148	0.0244259892526	0.0128976784179	0.0	0.00657964472226	0.0
149	0.0200293111871	0.00945829750645	0.0	0.616485588523	0.0
150	0.0175867122618	0.00773860705073	0.0	0.0	0.0
151	0.0136785539814	0.00171969045572	0.0	0.000369174408903	0.0
152	0.0141670737665	0.00257953568358	0.0	0.0448777017928	0.0
153	0.0117244748412	0.00343938091144	0.0	0.0	0.0
154	0.0107474352711	0.00171969045572	0.0	0.952658027474	0.0
155	0.0112359550562	0.00257953568358	0.0	0.615273981761	0.0
156	0.0107474352711	0.00171969045572	0.0	2.02540983273e-08	0.0
157	0.0107474352711	0.00171969045572	0.0	0.779601820223	0.0
158	0.0107474352711	0.00171969045572	0.0	0.216069353725	0.0
159	0.0107474352711	0.00171969045572	0.0	0.562818658913	0.0
160	0.0107474352711	0.00171969045572	0.0	0.603762077065	0.0
161	0.0107474352711	0.00171969045572	0.0	0.133627924013	0.0
162	0.0107474352711	0.00171969045572	0.0	0.490863148788	0.0
163	0.0107474352711	0.00171969045572	0.0	0.306669112382	0.0
164	0.0107474352711	0.00171969045572	0.0	0.769289609554	0.0
165	0.0107474352711	0.00171969045572	0.0	0.575075716388	0.0
166	0.0107474352711	0.00171969045572	0.0	0.132805745692	0.0
167	0.0107474352711	0.00171969045572	0.0	0.437988487484	0.0
168	0.0107474352711	0.00171969045572	0.0	0.520883467321	0.0
169	0.0107474352711	0.00171969045572	0.0	0.329792963254	0.0
170	0.0107474352711	0.00171969045572	0.0	0.490838641002	0.0
171	0.0107474352711	0.00171969045572	0.0	0.0034273237714	0.0
172	0.0107474352711	0.00171969045572	0.0	0.388264650743	0.0
173	0.0107474352711	0.00171969045572	0.0	0.382342281214	0.0
174	0.0102589154861	0.000859845227859	0.0	0.0351385814233	0.0
175	0.0102589154861	0.000859845227859	0.0	0.406818523044	0.0
176	0.0102589154861	0.000859845227859	0.0	0.492915934858	0.0
177	0.0102589154861	0.000859845227859	0.0	3.1945189653e-18	0.0
178	0.0102589154861	0.000859845227859	0.0	0.360760647038	0.0
179	0.0102589154861	0.000859845227859	0.0	0.350042247673	0.0
180	0.0102589154861	0.000859845227859	0.0	0.580986119566	0.0
181	0.0102589154861	0.000859845227859	0.0	0.428131579597	0.0
182	0.0102589154861	0.000859845227859	0.0	0.737996189125	0.0
183	0.0	0.0	0.0	0.0491872778161	0.0
184	0.000488519785051	0.000859845227859	0.0	0.000597264349245	0.0
185	0.000488519785051	0.000859845227859	0.0	0.0420001546152	0.0
186	0.00195407914021	0.00343938091144	0.0	0.999963970499	0.0
187	0.000488519785051	0.000859845227859	0.0	0.480960815267	0.0
188	0.000488519785051	0.000859845227859	0.0	0.560560573089	0.0
189	0.000488519785051	0.000859845227859	0.0	0.0493539978509	0.0
190	0.000488519785051	0.000859845227859	0.0	0.0216397133833	0.0
191	0.000488519785051	0.000859845227859	0.0	0.00364782000089	0.0
192	0.000488519785051	0.000859845227859	0.0	0.438128720417	0.0
193	0.000488519785051	0.000859845227859	0.0	3.81043471836e-19	0.0
194	0.000488519785051	0.000859845227859	0.0	0.350234313553	0.0
195	0.000488519785051	0.000859845227859	0.0	0.474492420153	0.0
196	0.000488519785051	0.000859845227859	0.0	0.462711339756	0.0
197	0.000488519785051	0.000859845227859	0.0	0.0	0.0
198	0.000488519785051	0.000859845227859	0.0	0.00310184669818	0.0
199	0.000488519785051	0.000859845227859	0.0	0.497877975942	0.0
200	0.000488519785051	0.000859845227859	0.0	0.840297203234	0.0
201	0.000488519785051	0.000859845227859	0.0	0.0	0.0
202	0.000488519785051	0.000859845227859	0.0	0.0	0.0
203	0.000488519785051	0.000859845227859	0.0	0.490971033447	0.0
204	0.000488519785051	0.000859845227859	0.0	3.70073091113e-23	0.0
205	0.000488519785051	0.000859845227859	0.0	0.0	0.0
206	0.0	0.0	0.0	0.0	0.0
207	0.0	0.0	0.0	6.25585990832e-05	0.0
208	0.0	0.0	0.0	0.918459732682	0.0
209	0.0	0.0	0.0	0.624235047848	0.0
210	0.0	0.0	0.0	0.492366205273	0.0
211	0.0	0.0	0.0	0.628613707778	0.0
212	0.0	0.0	0.0	0.490812566298	0.0
213	0.0	0.0	0.0	0.387903385367	0.0
214	0.0	0.0	0.0	0.447587599147	0.0
215	0.0	0.0	0.0	0.0453124030075	0.0
216	0.0	0.0	0.0	0.492355667731	0.0
217	0.0	0.0	0.0	0.00329931345806	0.0
218	0.0	0.0	0.0	0.43809885843	0.0
219	0.0	0.0	0.0	0.234418962281	0.0
220	0.0	0.0	0.0	0.000257151328976	0.0
221	0.0	0.0	0.0	0.441904124466	0.0
222	0.0	0.0	0.0	0.41735442187	0.0
223	0.0	0.0	0.0	0.46982236983	0.0
224	0.0	0.0	0.0	0.0236127607345	0.0
225	0.0	0.0	0.0	0.442315772573	0.0
226	0.0	0.0	0.0	0.0764180031556	0.0
227	0.0	0.0	0.0	0.560069915638	0.0
228	0.0	0.0	0.0	0.483573073068	0.0
229	0.0	0.0	0.0	0.632728809326	0.0
230	0.0	0.0	0.0	0.0880643132636	0.0
231	0.0	0.0	0.0	0.481760451701	0.0
232	0.0	0.0	0.0	0.388180247707	0.0
233	0.0	0.0	0.0	0.204575922791	0.0
234	0.0	0.0	0.0	0.473501069606	0.0
235	0.0	0.0	0.0	0.336393484886	0.0
236	0.0	0.0	0.0	0.000147318340836	0.0
237	0.0	0.0	0.0	0.632664365734	0.0
238	0.0	0.0	0.0	0.872129371949	0.0
239	0.0	0.0	0.0	3.45971099518e-07	0.0
240	0.0	0.0	0.0	0.476951167425	0.0
241	0.0	0.0	0.0	0.623025452931	0.0
242	0.0	0.0	0.0	0.559325226667	0.0
243	0.0	0.0	0.0	1.09142453294e-36	0.0
244	0.0	0.0	0.0	8.87272492946e-10	0.0
245	0.0	0.0	0.0	0.483028822694	0.0
246	0.0	0.0	0.0	0.749785768883	0.0
247	0.0	0.0	0.0	3.23167885063e-13	0.0
248	0.0	0.0	0.0	2.18518332048e-13	0.0
249	0.0	0.0	0.0	3.45522753785e-07	0.0
250	0.0	0.0	0.0	0.00088351541029	0.0
251	0.00146555935515	0.00171969045572	0.0	0.0	0.0
252	0.00146555935515	0.00171969045572	0.0	0.0737800861823	0.0
253	0.00146555935515	0.00171969045572	0.0	0.518136195073	0.0
254	0.00146555935515	0.00171969045572	0.0	0.0	0.0
255	0.00146555935515	0.00171969045572	0.0	0.415993307873	0.0
256	0.00244259892526	0.00257953568358	0.0	0.628871228964	0.0
257	0.00244259892526	0.00257953568358	0.0	0.334335383388	0.0
258	0.00244259892526	0.00257953568358	0.0	0.0	0.0
259	0.00244259892526	0.00257953568358	0.0	0.0293360586457	0.0
260	0.00244259892526	0.00257953568358	0.0	0.0578720935399	0.0
261	0.00293111871031	0.00257953568358	0.0	0.114083623153	0.0
262	0.00341963849536	0.00257953568358	0.0	1.31216003923e-21	0.0
263	0.00341963849536	0.00257953568358	0.0	0.919463228999	0.0
264	0.00390815828041	0.00343938091144	0.0	0.623596157695	0.0
265	0.00390815828041	0.00343938091144	0.0	0.731466853574	0.0
266	0.00977039570103	0.0137575236457	0.0	1.40583197239e-09	0.0
267	0.0122129946263	0.018056749785	0.0	0.0116291692083	0.0
268	0.0141670737665	0.0214961306965	0.0	0.434528215166	0.0
269	0.0141670737665	0.0214961306965	0.0	0.999999819095	0.0
270	0.0151441133366	0.0214961306965	0.0	0.242764005862	0.0
271	0.0156326331216	0.0214961306965	0.0	0.970017376419	0.0
272	0.0180752320469	0.0232158211522	0.0	0.397777288442	0.0
273	0.0185637518319	0.0240756663801	0.0	0.512533000367	0.0
274	0.019052271617	0.0249355116079	0.0	6.55982949619e-05	0.0
275	0.0214948705423	0.0266552020636	0.0	5.94539848013e-05	0.0
276	0.0258915486077	0.0283748925193	0.0	0.914966103409	0.0
277	0.0268685881778	0.0292347377472	0.0	0.912273121246	0.0
278	0.0278456277479	0.0309544282029	0.0	0.0	0.0
279	0.0297997068881	0.0318142734308	0.0	0.521214305933	0.0
280	0.0459208597948	0.0386930352537	0.0	4.78135581038e-05	0.0
281	0.0918417195896	0.0619088564058	0.0	0.940496213383	0.0
282	0.0981924767953	0.0679277730009	0.0	0.59616929896	0.0
283	0.106497313141	0.0713671539123	0.0	0.0760181690775	0.0
284	0.118221787982	0.0877042132416	0.0	0.352937979006	0.0
285	0.126526624328	0.0971625107481	0.0	0.036090568173	0.0
286	0.196873473376	0.135855546002	0.0	2.01910081037e-05	0.0
287	0.221787982413	0.1728288908	0.0	7.66651094822e-13	0.0
288	0.24084025403	0.200343938091	0.0	5.15844457873e-08	0.0
289	0.244748412311	0.20464316423	0.0	0.00966665587726	0.0
290	0.247191011236	0.206362854686	0.0	0.183587362074	0.0
291	0.276990718124	0.220120378332	0.0	0.556663895834	0.0
292	0.391792867611	0.273430782459	0.0	0.0191639341238	0.0
293	0.591108939912	0.50214961307	6.07842215935e-151	0.484732434784	1.09206340082e-142
294	0.652173913043	0.583834909716	2.19496970196e-135	0.805022764403	9.44552021721e-125
295	0.655593551539	0.588134135856	2.82763493993e-121	0.305245398135	7.89522752794e-114
296	0.662921348315	0.595012897678	1.29663371597e-181	0.156384689992	3.48705476682e-178
297	0.679042501221	0.619088564058	1.34045018536e-125	3.12923987674e-05	1.77932006072e-116
298	0.706888128969	0.659501289768	1.90889902941e-126	0.80033642262	1.42918874652e-121
299	0.722032242306	0.680997420464	2.96326077701e-118	0.0959984550088	2.1591369715e-112
300	0.743527112848	0.693035253654	2.51281778751e-131	0.503909553657	4.31182608101e-136
301	0.771372740596	0.742046431642	4.7725866594e-100	0.921458372209	1.03742744865e-92
302	0.771861260381	0.742046431642	3.72514389045e-96	0.459679030179	1.0937033476e-92
303	0.791890571568	0.749785038693	3.64330388159e-67	0.201883183352	3.94116412564e-66
304	0.799706888129	0.753224419604	7.78149488894e-75	0.506044974093	1.69720408695e-73
305	0.832926233512	0.772141014617	1.1975451811e-59	0.483706662235	8.59697375227e-57
306	0.836345872008	0.778159931212	1.34162222416e-42	0.295160474227	4.29638734629e-39
307	0.840742550073	0.785898538263	2.22923837209e-38	0.46840181532	1.08324205554e-36
308	0.863214460186	0.816852966466	3.05224153113e-39	0.481558409738	1.11722088111e-37
